#DEFAULT DATABASE SELECT
USE medicalfacility;


#Doctors Insert
insert into Doctors (id, FirstName, LastName, Specialty, Email, Sex) values (1, 'Florenza', 'Olanda', 'Urology', 'folanda0@psu.edu', 'F');
insert into Doctors (id, FirstName, LastName, Specialty, Email, Sex) values (2, 'Wolfie', 'Trebilcock', 'Ophthalmology', 'wtrebilcock1@ifeng.com', 'M');
insert into Doctors (id, FirstName, LastName, Specialty, Email, Sex) values (3, 'Blake', 'Essery', 'Neurosurgery', 'bessery2@amazon.co.jp', 'F');
insert into Doctors (id, FirstName, LastName, Specialty, Email, Sex) values (4, 'Artemis', 'Gresswell', 'Pediatrics', 'agresswell3@netlog.com', 'M');
insert into Doctors (id, FirstName, LastName, Specialty, Email, Sex) values (5, 'Padraic', 'Elner', 'ENT', 'pelner4@pcworld.com', 'M');
insert into Doctors (id, FirstName, LastName, Specialty, Email, Sex) values (6, 'Elisabet', 'Redon', 'Surgical Endocrinology', 'eredon5@abc.net.au', 'F');
insert into Doctors (id, FirstName, LastName, Specialty, Email, Sex) values (7, 'Paolo', 'Goulter', 'Transplant Surgery', 'pgoulter6@webnode.com', 'M');
insert into Doctors (id, FirstName, LastName, Specialty, Email, Sex) values (8, 'Joby', 'Tyas', 'Surgical Oncology', 'jtyas7@ning.com', 'F');
insert into Doctors (id, FirstName, LastName, Specialty, Email, Sex) values (9, 'Lawrence', 'Farmer', 'Cosmetic and Reconstructive Surgery', 'lfarmer8@fema.gov', 'M');
insert into Doctors (id, FirstName, LastName, Specialty, Email, Sex) values (10, 'Sharl', 'Truter', 'Vascular Surgery', 'struter9@psu.edu', 'F');
insert into Doctors (id, FirstName, LastName, Specialty, Email, Sex) values (11, 'Bartlet', 'Kindleside', 'General Surgery', 'bkindlesidea@netvibes.com', 'M');
insert into Doctors (id, FirstName, LastName, Specialty, Email, Sex) values (12, 'Kylila', 'Ody', 'Cardiothoracic Surgery', 'kodyb@studiopress.com', 'F');
insert into Doctors (id, FirstName, LastName, Specialty, Email, Sex) values (13, 'Torrie', 'Innerstone', 'Pathology', 'tinnerstonec@hexun.com', 'F');
insert into Doctors (id, FirstName, LastName, Specialty, Email, Sex) values (14, 'Muffin', 'Learoyde', 'Podiatrists', 'mlearoyded@yahoo.com', 'F');
insert into Doctors (id, FirstName, LastName, Specialty, Email, Sex) values (15, 'Constancy', 'Merriman', 'Psychologists/Counselors', 'cmerrimane@yellowpages.com', 'F');
insert into Doctors (id, FirstName, LastName, Specialty, Email, Sex) values (16, 'Damita', 'Gotcher', 'Family Practice', 'dgotcherf@wired.com', 'F');
insert into Doctors (id, FirstName, LastName, Specialty, Email, Sex) values (17, 'Roxine', 'Cannon', 'Psychiatry', 'rcannong@google.com.hk', 'F');
insert into Doctors (id, FirstName, LastName, Specialty, Email, Sex) values (18, 'Rosabel', 'Beccera', 'Radiology', 'rbeccerah@blogspot.com', 'F');
insert into Doctors (id, FirstName, LastName, Specialty, Email, Sex) values (19, 'Sibley', 'Beviss', 'Dermatology', 'sbevissi@yale.edu', 'F');
insert into Doctors (id, FirstName, LastName, Specialty, Email, Sex) values (20, 'Anabel', 'Lesmonde', 'Emergency Medicine', 'alesmondej@tinypic.com', 'F');


#Nurses Insert
insert into Nurses (id, FirstName, LastName, DoctorId, Sex) values (1, 'Yalonda', 'Attoc', 1, 'F');
insert into Nurses (id, FirstName, LastName, DoctorId, Sex) values (2, 'Emmaline', 'Jinkinson', 2, 'F');
insert into Nurses (id, FirstName, LastName, DoctorId, Sex) values (3, 'Kay', 'Papez', 3, 'F');
insert into Nurses (id, FirstName, LastName, DoctorId, Sex) values (4, 'Mala', 'Gedney', 4, 'F');
insert into Nurses (id, FirstName, LastName, DoctorId, Sex) values (5, 'Marshal', 'Klimowicz', 5, 'M');
insert into Nurses (id, FirstName, LastName, DoctorId, Sex) values (6, 'Gavin', 'Hixson', 6, 'M');
insert into Nurses (id, FirstName, LastName, DoctorId, Sex) values (7, 'Ellene', 'Drewry', 7, 'F');
insert into Nurses (id, FirstName, LastName, DoctorId, Sex) values (8, 'Nicolette', 'Oldknow', 8, 'F');
insert into Nurses (id, FirstName, LastName, DoctorId, Sex) values (9, 'Arlana', 'Twiddle', 9, 'F');
insert into Nurses (id, FirstName, LastName, DoctorId, Sex) values (10, 'Klement', 'McMurraya', 10, 'M');
insert into Nurses (id, FirstName, LastName, DoctorId, Sex) values (11, 'Hedi', 'Farnham', 11, 'F');
insert into Nurses (id, FirstName, LastName, DoctorId, Sex) values (12, 'Rurik', 'Ryburn', 12, 'M');
insert into Nurses (id, FirstName, LastName, DoctorId, Sex) values (13, 'Aila', 'Romaines', 13, 'F');
insert into Nurses (id, FirstName, LastName, DoctorId, Sex) values (14, 'Antonius', 'Gisburn', 14, 'M');
insert into Nurses (id, FirstName, LastName, DoctorId, Sex) values (15, 'Kylie', 'Pellman', 15, 'M');
insert into Nurses (id, FirstName, LastName, DoctorId, Sex) values (16, 'Vernon', 'Baxill', 16, 'M');
insert into Nurses (id, FirstName, LastName, DoctorId, Sex) values (17, 'Gustavus', 'Patesel', 17, 'M');
insert into Nurses (id, FirstName, LastName, DoctorId, Sex) values (18, 'Mellisent', 'Bilbie', 18, 'F');
insert into Nurses (id, FirstName, LastName, DoctorId, Sex) values (19, 'Melania', 'Conford', 19, 'F');
insert into Nurses (id, FirstName, LastName, DoctorId, Sex) values (20, 'Clementius', 'Momford', 20, 'M');
insert into Nurses (id, FirstName, LastName, DoctorId, Sex) values (21, 'Rosanna', 'Winspur', 1, 'F');
insert into Nurses (id, FirstName, LastName, DoctorId, Sex) values (22, 'Byron', 'Brendish', 2, 'M');
insert into Nurses (id, FirstName, LastName, DoctorId, Sex) values (23, 'Husein', 'Edgeley', 3, 'M');
insert into Nurses (id, FirstName, LastName, DoctorId, Sex) values (24, 'Gilbertina', 'Parley', 4, 'F');
insert into Nurses (id, FirstName, LastName, DoctorId, Sex) values (25, 'Tito', 'Aseef', 5, 'M');
insert into Nurses (id, FirstName, LastName, DoctorId, Sex) values (26, 'Alene', 'Rozea', 6, 'F');
insert into Nurses (id, FirstName, LastName, DoctorId, Sex) values (27, 'Tobye', 'Tomsa', 7, 'F');
insert into Nurses (id, FirstName, LastName, DoctorId, Sex) values (28, 'Charis', 'Dominighi', 8, 'F');
insert into Nurses (id, FirstName, LastName, DoctorId, Sex) values (29, 'Charlie', 'Hague', 9, 'M');
insert into Nurses (id, FirstName, LastName, DoctorId, Sex) values (30, 'Ezequiel', 'MacVaugh', 10, 'M');
insert into Nurses (id, FirstName, LastName, DoctorId, Sex) values (31, 'Rowland', 'Trevor', 11, 'M');
insert into Nurses (id, FirstName, LastName, DoctorId, Sex) values (32, 'Petronia', 'Fortune', 12, 'F');
insert into Nurses (id, FirstName, LastName, DoctorId, Sex) values (33, 'Alia', 'Mottram', 13, 'F');
insert into Nurses (id, FirstName, LastName, DoctorId, Sex) values (34, 'Dud', 'Curtois', 14, 'M');
insert into Nurses (id, FirstName, LastName, DoctorId, Sex) values (35, 'Kennedy', 'Harcase', 15, 'M');
insert into Nurses (id, FirstName, LastName, DoctorId, Sex) values (36, 'Davina', 'Artinstall', 16, 'F');
insert into Nurses (id, FirstName, LastName, DoctorId, Sex) values (37, 'Harwell', 'Bellinger', 17, 'M');
insert into Nurses (id, FirstName, LastName, DoctorId, Sex) values (38, 'Cordy', 'Bowstead', 18, 'F');
insert into Nurses (id, FirstName, LastName, DoctorId, Sex) values (39, 'Cherise', 'Dany', 19, 'F');
insert into Nurses (id, FirstName, LastName, DoctorId, Sex) values (40, 'Zared', 'McCobb', 20, 'M');
insert into Nurses (id, FirstName, LastName, DoctorId, Sex) values (41, 'Jenn', 'De Antoni', 1, 'F');
insert into Nurses (id, FirstName, LastName, DoctorId, Sex) values (42, 'Hannie', 'Doyland', 2, 'F');
insert into Nurses (id, FirstName, LastName, DoctorId, Sex) values (43, 'Dani', 'Dehn', 3, 'F');
insert into Nurses (id, FirstName, LastName, DoctorId, Sex) values (44, 'Sibyl', 'Aleevy', 4, 'M');
insert into Nurses (id, FirstName, LastName, DoctorId, Sex) values (45, 'Allene', 'Calvie', 5, 'F');
insert into Nurses (id, FirstName, LastName, DoctorId, Sex) values (46, 'Amory', 'O''Cahey', 6, 'M');
insert into Nurses (id, FirstName, LastName, DoctorId, Sex) values (47, 'Andie', 'Markwick', 7, 'M');
insert into Nurses (id, FirstName, LastName, DoctorId, Sex) values (48, 'Abbe', 'Ryburn', 8, 'M');
insert into Nurses (id, FirstName, LastName, DoctorId, Sex) values (49, 'Yorker', 'Bettles', 9, 'M');
insert into Nurses (id, FirstName, LastName, DoctorId, Sex) values (50, 'Guthrey', 'Probbing', 10, 'M');

#Insert for Patients Table

insert into Patients (id, FirstName, LastName, DOB, Sex, Email, PhoneNumber, PrimaryDoctorID) values (1, 'Orran', 'Keatley', '1950-11-07 17:49:14', 'M', 'okeatley0@typepad.com', '798-386-7659', 1);
insert into Patients (id, FirstName, LastName, DOB, Sex, Email, PhoneNumber, PrimaryDoctorID) values (2, 'Philippine', 'MacCrachen', '1970-09-01 00:42:42', 'F', 'pmaccrachen1@addtoany.com', '984-354-3606', 2);
insert into Patients (id, FirstName, LastName, DOB, Sex, Email, PhoneNumber, PrimaryDoctorID) values (3, 'Dorotea', 'Petrasch', '2009-07-23 16:16:29', 'F', 'dpetrasch2@java.com', '988-383-2490', 3);
insert into Patients (id, FirstName, LastName, DOB, Sex, Email, PhoneNumber, PrimaryDoctorID) values (4, 'Anny', 'Chubb', '2009-11-17 20:34:55', 'F', 'achubb3@techcrunch.com', '540-687-4711', 4);
insert into Patients (id, FirstName, LastName, DOB, Sex, Email, PhoneNumber, PrimaryDoctorID) values (5, 'Beckie', 'Raphael', '1956-08-30 17:47:39', 'F', 'braphael4@mtv.com', '232-540-7702', 5);
insert into Patients (id, FirstName, LastName, DOB, Sex, Email, PhoneNumber, PrimaryDoctorID) values (6, 'Brendan', 'Scholfield', '1944-07-30 11:50:19', 'M', 'bscholfield5@altervista.org', '395-712-0596', 6);
insert into Patients (id, FirstName, LastName, DOB, Sex, Email, PhoneNumber, PrimaryDoctorID) values (7, 'Baudoin', 'Daldan', '1961-07-15 20:23:52', 'M', 'bdaldan6@sphinn.com', '308-390-3091', 7);
insert into Patients (id, FirstName, LastName, DOB, Sex, Email, PhoneNumber, PrimaryDoctorID) values (8, 'Cris', 'Ive', '1941-01-18 05:12:01', 'F', 'cive7@wordpress.org', '154-615-3041', 8);
insert into Patients (id, FirstName, LastName, DOB, Sex, Email, PhoneNumber, PrimaryDoctorID) values (9, 'Gwyn', 'Screeton', '1990-07-09 20:11:37', 'F', 'gscreeton8@google.es', '914-218-5530', 9);
insert into Patients (id, FirstName, LastName, DOB, Sex, Email, PhoneNumber, PrimaryDoctorID) values (10, 'Jemmy', 'Trevarthen', '1979-01-17 21:09:10', 'F', 'jtrevarthen9@huffingtonpost.com', '685-621-1921', 10);
insert into Patients (id, FirstName, LastName, DOB, Sex, Email, PhoneNumber, PrimaryDoctorID) values (11, 'Gussy', 'Rove', '1988-08-21 17:44:51', 'F', 'grovea@independent.co.uk', '274-411-7957', 11);
insert into Patients (id, FirstName, LastName, DOB, Sex, Email, PhoneNumber, PrimaryDoctorID) values (12, 'Jeni', 'Grigolli', '1965-12-18 19:34:37', 'F', 'jgrigollib@liveinternet.ru', '226-800-4045', 12);
insert into Patients (id, FirstName, LastName, DOB, Sex, Email, PhoneNumber, PrimaryDoctorID) values (13, 'Amalia', 'Barmby', '1940-10-26 04:22:19', 'F', 'abarmbyc@dot.gov', '802-973-0293', 13);
insert into Patients (id, FirstName, LastName, DOB, Sex, Email, PhoneNumber, PrimaryDoctorID) values (14, 'Frankie', 'Mandre', '1955-11-24 03:14:54', 'F', 'fmandred@microsoft.com', '987-901-7436', 14);
insert into Patients (id, FirstName, LastName, DOB, Sex, Email, PhoneNumber, PrimaryDoctorID) values (15, 'Engelbert', 'Farres', '1957-06-26 18:57:15', 'M', 'efarrese@phpbb.com', '126-699-2501', 15);
insert into Patients (id, FirstName, LastName, DOB, Sex, Email, PhoneNumber, PrimaryDoctorID) values (16, 'Ollie', 'Inchan', '1962-10-29 11:00:52', 'F', 'oinchanf@stanford.edu', '729-915-0310', 16);
insert into Patients (id, FirstName, LastName, DOB, Sex, Email, PhoneNumber, PrimaryDoctorID) values (17, 'Alfi', 'Balassa', '1947-07-20 15:12:37', 'F', 'abalassag@state.gov', '573-322-0103', 17);
insert into Patients (id, FirstName, LastName, DOB, Sex, Email, PhoneNumber, PrimaryDoctorID) values (18, 'Nevins', 'Jacob', '1977-06-19 07:41:19', 'M', 'njacobh@guardian.co.uk', '663-487-0868', 18);
insert into Patients (id, FirstName, LastName, DOB, Sex, Email, PhoneNumber, PrimaryDoctorID) values (19, 'Connie', 'Ainley', '1984-05-13 18:54:32', 'M', 'cainleyi@flavors.me', '699-970-9965', 19);
insert into Patients (id, FirstName, LastName, DOB, Sex, Email, PhoneNumber, PrimaryDoctorID) values (20, 'Sheilah', 'Roser', '2009-01-27 00:53:51', 'F', 'sroserj@altervista.org', '894-142-9387', 20);
insert into Patients (id, FirstName, LastName, DOB, Sex, Email, PhoneNumber, PrimaryDoctorID) values (21, 'Francesca', 'Karus', '1943-04-28 17:24:58', 'F', 'fkarusk@slideshare.net', '769-842-9403', 1);
insert into Patients (id, FirstName, LastName, DOB, Sex, Email, PhoneNumber, PrimaryDoctorID) values (22, 'Twila', 'Scrancher', '1984-06-10 22:30:12', 'F', 'tscrancherl@google.co.jp', '341-771-9383', 2);
insert into Patients (id, FirstName, LastName, DOB, Sex, Email, PhoneNumber, PrimaryDoctorID) values (23, 'Rossie', 'Kezar', '1988-04-28 09:55:54', 'M', 'rkezarm@marketwatch.com', '446-817-1167', 3);
insert into Patients (id, FirstName, LastName, DOB, Sex, Email, PhoneNumber, PrimaryDoctorID) values (24, 'El', 'Horrigan', '1951-05-25 03:31:01', 'M', 'ehorrigann@wikia.com', '205-599-9925', 4);
insert into Patients (id, FirstName, LastName, DOB, Sex, Email, PhoneNumber, PrimaryDoctorID) values (25, 'Berthe', 'Shower', '1960-11-14 18:10:17', 'F', 'bshowero@fotki.com', '412-315-1107', 5);
insert into Patients (id, FirstName, LastName, DOB, Sex, Email, PhoneNumber, PrimaryDoctorID) values (26, 'Marlon', 'Kirlin', '1998-11-30 11:30:57', 'M', 'mkirlinp@apache.org', '912-172-9762', 6);
insert into Patients (id, FirstName, LastName, DOB, Sex, Email, PhoneNumber, PrimaryDoctorID) values (27, 'Elyssa', 'Matias', '1956-06-11 23:14:36', 'F', 'ematiasq@nps.gov', '448-412-2006', 7);
insert into Patients (id, FirstName, LastName, DOB, Sex, Email, PhoneNumber, PrimaryDoctorID) values (28, 'Pincus', 'Pendleton', '1994-11-24 04:34:59', 'M', 'ppendletonr@typepad.com', '915-899-2402', 8);
insert into Patients (id, FirstName, LastName, DOB, Sex, Email, PhoneNumber, PrimaryDoctorID) values (29, 'Fionnula', 'Scarsbrick', '1967-05-31 07:37:00', 'F', 'fscarsbricks@pbs.org', '817-871-2403', 9);
insert into Patients (id, FirstName, LastName, DOB, Sex, Email, PhoneNumber, PrimaryDoctorID) values (30, 'Anita', 'Spileman', '1940-04-17 16:42:35', 'F', 'aspilemant@ebay.co.uk', '743-342-1910', 10);
insert into Patients (id, FirstName, LastName, DOB, Sex, Email, PhoneNumber, PrimaryDoctorID) values (31, 'Birk', 'Methringham', '1979-10-31 06:07:25', 'M', 'bmethringhamu@tumblr.com', '997-904-0561', 11);
insert into Patients (id, FirstName, LastName, DOB, Sex, Email, PhoneNumber, PrimaryDoctorID) values (32, 'Nickie', 'Curwen', '1952-04-12 17:44:49', 'F', 'ncurwenv@harvard.edu', '308-114-6449', 12);
insert into Patients (id, FirstName, LastName, DOB, Sex, Email, PhoneNumber, PrimaryDoctorID) values (33, 'Tremain', 'Vearncombe', '2001-09-02 18:48:30', 'M', 'tvearncombew@springer.com', '101-280-3819', 13);
insert into Patients (id, FirstName, LastName, DOB, Sex, Email, PhoneNumber, PrimaryDoctorID) values (34, 'Merrile', 'Spini', '1978-07-18 16:19:42', 'F', 'mspinix@tinypic.com', '439-277-9451', 14);
insert into Patients (id, FirstName, LastName, DOB, Sex, Email, PhoneNumber, PrimaryDoctorID) values (35, 'Kalie', 'Craister', '1966-09-15 01:45:02', 'F', 'kcraistery@tripod.com', '107-945-7916', 15);
insert into Patients (id, FirstName, LastName, DOB, Sex, Email, PhoneNumber, PrimaryDoctorID) values (36, 'Tierney', 'Cranefield', '1951-03-26 05:14:55', 'F', 'tcranefieldz@amazon.com', '431-254-4351', 16);
insert into Patients (id, FirstName, LastName, DOB, Sex, Email, PhoneNumber, PrimaryDoctorID) values (37, 'Joelie', 'Skowcraft', '1943-12-12 03:05:08', 'F', 'jskowcraft10@psu.edu', '158-223-7816', 17);
insert into Patients (id, FirstName, LastName, DOB, Sex, Email, PhoneNumber, PrimaryDoctorID) values (38, 'Alexina', 'Neles', '1960-04-05 10:06:49', 'F', 'aneles11@hibu.com', '411-911-5673', 18);
insert into Patients (id, FirstName, LastName, DOB, Sex, Email, PhoneNumber, PrimaryDoctorID) values (39, 'Jesse', 'Burch', '1947-01-17 07:30:13', 'M', 'jburch12@nba.com', '808-703-8061', 19);
insert into Patients (id, FirstName, LastName, DOB, Sex, Email, PhoneNumber, PrimaryDoctorID) values (40, 'Barret', 'Ceillier', '1994-06-02 20:17:14', 'M', 'bceillier13@arizona.edu', '697-307-4015', 20);
insert into Patients (id, FirstName, LastName, DOB, Sex, Email, PhoneNumber, PrimaryDoctorID) values (41, 'Bella', 'Winger', '1997-02-20 19:47:11', 'F', 'bwinger14@hc360.com', '536-593-5129', 1);
insert into Patients (id, FirstName, LastName, DOB, Sex, Email, PhoneNumber, PrimaryDoctorID) values (42, 'Anita', 'Driffield', '1978-11-16 17:31:03', 'F', 'adriffield15@angelfire.com', '690-143-8425', 2);
insert into Patients (id, FirstName, LastName, DOB, Sex, Email, PhoneNumber, PrimaryDoctorID) values (43, 'Mae', 'Kunkel', '1944-04-27 18:02:18', 'F', 'mkunkel16@goodreads.com', '608-574-6413', 3);
insert into Patients (id, FirstName, LastName, DOB, Sex, Email, PhoneNumber, PrimaryDoctorID) values (44, 'Golda', 'Dyble', '1958-10-15 11:04:16', 'F', 'gdyble17@mapy.cz', '845-236-0608', 4);
insert into Patients (id, FirstName, LastName, DOB, Sex, Email, PhoneNumber, PrimaryDoctorID) values (45, 'Guglielma', 'Carbett', '1959-05-24 07:53:26', 'F', 'gcarbett18@noaa.gov', '776-156-5746', 5);
insert into Patients (id, FirstName, LastName, DOB, Sex, Email, PhoneNumber, PrimaryDoctorID) values (46, 'Lenard', 'Hoyes', '1987-01-15 01:48:53', 'M', 'lhoyes19@weather.com', '871-690-1062', 6);
insert into Patients (id, FirstName, LastName, DOB, Sex, Email, PhoneNumber, PrimaryDoctorID) values (47, 'Sibby', 'Shave', '2001-07-04 16:38:12', 'F', 'sshave1a@biglobe.ne.jp', '509-545-1542', 7);
insert into Patients (id, FirstName, LastName, DOB, Sex, Email, PhoneNumber, PrimaryDoctorID) values (48, 'Clare', 'Dawney', '2000-05-05 14:16:28', 'F', 'cdawney1b@uol.com.br', '515-751-6356', 8);
insert into Patients (id, FirstName, LastName, DOB, Sex, Email, PhoneNumber, PrimaryDoctorID) values (49, 'Travus', 'Sobczak', '1989-01-07 18:01:25', 'M', 'tsobczak1c@uol.com.br', '553-308-1623', 9);
insert into Patients (id, FirstName, LastName, DOB, Sex, Email, PhoneNumber, PrimaryDoctorID) values (50, 'Felipe', 'Zaniolo', '1999-06-02 00:03:14', 'M', 'fzaniolo1d@cnn.com', '277-792-9590', 10);
insert into Patients (id, FirstName, LastName, DOB, Sex, Email, PhoneNumber, PrimaryDoctorID) values (51, 'Garvin', 'Gadsby', '1984-03-22 09:18:04', 'M', 'ggadsby1e@archive.org', '393-955-2877', 11);
insert into Patients (id, FirstName, LastName, DOB, Sex, Email, PhoneNumber, PrimaryDoctorID) values (52, 'Alexio', 'Davidow', '1966-12-09 07:21:07', 'M', 'adavidow1f@godaddy.com', '387-228-0441', 12);
insert into Patients (id, FirstName, LastName, DOB, Sex, Email, PhoneNumber, PrimaryDoctorID) values (53, 'Theodora', 'Croke', '1950-12-31 13:47:09', 'F', 'tcroke1g@cbslocal.com', '439-676-4403', 13);
insert into Patients (id, FirstName, LastName, DOB, Sex, Email, PhoneNumber, PrimaryDoctorID) values (54, 'Emory', 'Mac Giany', '1949-01-15 06:19:45', 'M', 'emacgiany1h@vkontakte.ru', '765-340-7484', 14);
insert into Patients (id, FirstName, LastName, DOB, Sex, Email, PhoneNumber, PrimaryDoctorID) values (55, 'Auberon', 'Boyett', '1986-08-19 12:37:45', 'M', 'aboyett1i@google.it', '505-557-6610', 15);
insert into Patients (id, FirstName, LastName, DOB, Sex, Email, PhoneNumber, PrimaryDoctorID) values (56, 'Elie', 'Puvia', '1943-09-16 22:03:02', 'F', 'epuvia1j@spiegel.de', '405-227-7122', 16);
insert into Patients (id, FirstName, LastName, DOB, Sex, Email, PhoneNumber, PrimaryDoctorID) values (57, 'Brantley', 'Harken', '1954-05-12 04:50:33', 'M', 'bharken1k@nydailynews.com', '277-512-7235', 17);
insert into Patients (id, FirstName, LastName, DOB, Sex, Email, PhoneNumber, PrimaryDoctorID) values (58, 'Floris', 'Woodland', '1967-04-04 01:57:55', 'F', 'fwoodland1l@reddit.com', '518-833-9310', 18);
insert into Patients (id, FirstName, LastName, DOB, Sex, Email, PhoneNumber, PrimaryDoctorID) values (59, 'Moira', 'Asser', '2007-12-28 16:28:30', 'F', 'masser1m@newyorker.com', '338-775-1523', 19);
insert into Patients (id, FirstName, LastName, DOB, Sex, Email, PhoneNumber, PrimaryDoctorID) values (60, 'Therese', 'Rodriguez', '1990-01-23 16:36:33', 'F', 'trodriguez1n@yellowpages.com', '900-187-3850', 20);
insert into Patients (id, FirstName, LastName, DOB, Sex, Email, PhoneNumber, PrimaryDoctorID) values (61, 'Justus', 'Bayley', '1978-03-20 11:38:40', 'M', 'jbayley1o@globo.com', '232-451-6523', 1);
insert into Patients (id, FirstName, LastName, DOB, Sex, Email, PhoneNumber, PrimaryDoctorID) values (62, 'Tull', 'Gheeorghie', '1940-10-25 14:23:52', 'M', 'tgheeorghie1p@pinterest.com', '215-697-4325', 2);
insert into Patients (id, FirstName, LastName, DOB, Sex, Email, PhoneNumber, PrimaryDoctorID) values (63, 'Darrick', 'Bowcher', '1950-05-30 21:51:19', 'M', 'dbowcher1q@usnews.com', '147-226-8543', 3);
insert into Patients (id, FirstName, LastName, DOB, Sex, Email, PhoneNumber, PrimaryDoctorID) values (64, 'Carolyne', 'Smithend', '1995-07-11 05:56:06', 'F', 'csmithend1r@wired.com', '767-524-5563', 4);
insert into Patients (id, FirstName, LastName, DOB, Sex, Email, PhoneNumber, PrimaryDoctorID) values (65, 'Laraine', 'Grimm', '1967-07-22 03:42:27', 'F', 'lgrimm1s@ehow.com', '569-714-1768', 5);
insert into Patients (id, FirstName, LastName, DOB, Sex, Email, PhoneNumber, PrimaryDoctorID) values (66, 'Atalanta', 'Cristofano', '2008-03-04 01:27:06', 'F', 'acristofano1t@cisco.com', '153-544-7179', 6);
insert into Patients (id, FirstName, LastName, DOB, Sex, Email, PhoneNumber, PrimaryDoctorID) values (67, 'Brian', 'Chittie', '1986-05-20 04:28:01', 'M', 'bchittie1u@ifeng.com', '721-757-3788', 7);
insert into Patients (id, FirstName, LastName, DOB, Sex, Email, PhoneNumber, PrimaryDoctorID) values (68, 'Gerick', 'Gower', '1958-05-21 19:16:43', 'M', 'ggower1v@smh.com.au', '391-476-7100', 8);
insert into Patients (id, FirstName, LastName, DOB, Sex, Email, PhoneNumber, PrimaryDoctorID) values (69, 'Mattie', 'Chatenet', '1979-08-03 22:53:33', 'F', 'mchatenet1w@slideshare.net', '333-787-8214', 9);
insert into Patients (id, FirstName, LastName, DOB, Sex, Email, PhoneNumber, PrimaryDoctorID) values (70, 'Delainey', 'Licas', '1949-04-30 05:40:49', 'M', 'dlicas1x@barnesandnoble.com', '997-509-5109', 10);
insert into Patients (id, FirstName, LastName, DOB, Sex, Email, PhoneNumber, PrimaryDoctorID) values (71, 'Marsiella', 'Luxon', '1993-04-20 03:11:13', 'F', 'mluxon1y@nationalgeographic.com', '158-614-6529', 11);
insert into Patients (id, FirstName, LastName, DOB, Sex, Email, PhoneNumber, PrimaryDoctorID) values (72, 'Nevil', 'Cosgriff', '1992-07-28 10:46:55', 'M', 'ncosgriff1z@google.com.br', '794-592-3912', 12);
insert into Patients (id, FirstName, LastName, DOB, Sex, Email, PhoneNumber, PrimaryDoctorID) values (73, 'Gusty', 'Celez', '1949-07-30 06:12:51', 'F', 'gcelez20@indiegogo.com', '386-599-0220', 13);
insert into Patients (id, FirstName, LastName, DOB, Sex, Email, PhoneNumber, PrimaryDoctorID) values (74, 'Hallsy', 'Chrichton', '1992-12-22 19:12:13', 'M', 'hchrichton21@zimbio.com', '692-958-2847', 14);
insert into Patients (id, FirstName, LastName, DOB, Sex, Email, PhoneNumber, PrimaryDoctorID) values (75, 'Chad', 'Joan', '1951-12-24 22:36:13', 'F', 'cjoan22@ftc.gov', '908-883-4357', 15);
insert into Patients (id, FirstName, LastName, DOB, Sex, Email, PhoneNumber, PrimaryDoctorID) values (76, 'Adore', 'Bittleson', '1985-02-23 04:48:42', 'F', 'abittleson23@umn.edu', '964-271-7521', 16);
insert into Patients (id, FirstName, LastName, DOB, Sex, Email, PhoneNumber, PrimaryDoctorID) values (77, 'Uriah', 'Klemmt', '1969-06-01 19:10:04', 'M', 'uklemmt24@imgur.com', '258-509-1340', 17);
insert into Patients (id, FirstName, LastName, DOB, Sex, Email, PhoneNumber, PrimaryDoctorID) values (78, 'Clary', 'Wheeldon', '1958-10-30 00:09:38', 'F', 'cwheeldon25@skype.com', '981-884-7792', 18);
insert into Patients (id, FirstName, LastName, DOB, Sex, Email, PhoneNumber, PrimaryDoctorID) values (79, 'Trever', 'Thireau', '2009-12-20 02:38:09', 'M', 'tthireau26@mozilla.com', '367-184-0726', 19);
insert into Patients (id, FirstName, LastName, DOB, Sex, Email, PhoneNumber, PrimaryDoctorID) values (80, 'Joete', 'Walne', '1994-02-02 23:44:36', 'F', 'jwalne27@ning.com', '831-503-8683', 20);
insert into Patients (id, FirstName, LastName, DOB, Sex, Email, PhoneNumber, PrimaryDoctorID) values (81, 'Dulce', 'Wilmott', '1998-05-04 09:03:00', 'F', 'dwilmott28@google.com', '300-407-7788', 1);
insert into Patients (id, FirstName, LastName, DOB, Sex, Email, PhoneNumber, PrimaryDoctorID) values (82, 'Federica', 'Pettet', '2002-01-20 01:27:29', 'F', 'fpettet29@multiply.com', '146-558-9369', 2);
insert into Patients (id, FirstName, LastName, DOB, Sex, Email, PhoneNumber, PrimaryDoctorID) values (83, 'Henrieta', 'Gilliam', '1973-06-02 03:21:56', 'F', 'hgilliam2a@youtu.be', '394-271-5198', 3);
insert into Patients (id, FirstName, LastName, DOB, Sex, Email, PhoneNumber, PrimaryDoctorID) values (84, 'Meredeth', 'Joderli', '1952-03-01 13:22:44', 'M', 'mjoderli2b@prlog.org', '413-784-4155', 4);
insert into Patients (id, FirstName, LastName, DOB, Sex, Email, PhoneNumber, PrimaryDoctorID) values (85, 'Harold', 'Peter', '1962-08-28 12:48:19', 'M', 'hpeter2c@si.edu', '349-398-9632', 5);
insert into Patients (id, FirstName, LastName, DOB, Sex, Email, PhoneNumber, PrimaryDoctorID) values (86, 'Paul', 'Iacomo', '1994-08-26 14:11:18', 'M', 'piacomo2d@youtu.be', '468-518-9004', 6);
insert into Patients (id, FirstName, LastName, DOB, Sex, Email, PhoneNumber, PrimaryDoctorID) values (87, 'Hildagard', 'Drayson', '1958-02-03 17:41:19', 'F', 'hdrayson2e@imageshack.us', '983-755-7143', 7);
insert into Patients (id, FirstName, LastName, DOB, Sex, Email, PhoneNumber, PrimaryDoctorID) values (88, 'Clementina', 'Rochewell', '2004-07-17 22:15:47', 'F', 'crochewell2f@vistaprint.com', '404-579-0069', 8);
insert into Patients (id, FirstName, LastName, DOB, Sex, Email, PhoneNumber, PrimaryDoctorID) values (89, 'Dominik', 'Bordessa', '2009-03-29 12:59:58', 'M', 'dbordessa2g@artisteer.com', '307-124-5913', 9);
insert into Patients (id, FirstName, LastName, DOB, Sex, Email, PhoneNumber, PrimaryDoctorID) values (90, 'Derrik', 'Bourges', '1963-01-26 08:24:03', 'M', 'dbourges2h@hud.gov', '165-502-8563', 10);
insert into Patients (id, FirstName, LastName, DOB, Sex, Email, PhoneNumber, PrimaryDoctorID) values (91, 'Arabella', 'Peagram', '1989-06-24 18:03:12', 'F', 'apeagram2i@bloomberg.com', '283-854-8569', 11);
insert into Patients (id, FirstName, LastName, DOB, Sex, Email, PhoneNumber, PrimaryDoctorID) values (92, 'Aldin', 'Kardos-Stowe', '1948-04-02 09:49:02', 'M', 'akardosstowe2j@sphinn.com', '864-805-8917', 12);
insert into Patients (id, FirstName, LastName, DOB, Sex, Email, PhoneNumber, PrimaryDoctorID) values (93, 'Enrichetta', 'Merrick', '1981-03-12 21:44:47', 'F', 'emerrick2k@discuz.net', '313-342-5573', 13);
insert into Patients (id, FirstName, LastName, DOB, Sex, Email, PhoneNumber, PrimaryDoctorID) values (94, 'Giana', 'Bunch', '1962-07-08 08:25:27', 'F', 'gbunch2l@cdbaby.com', '957-990-8998', 14);
insert into Patients (id, FirstName, LastName, DOB, Sex, Email, PhoneNumber, PrimaryDoctorID) values (95, 'Alayne', 'Hartell', '1947-11-22 08:45:13', 'F', 'ahartell2m@oaic.gov.au', '460-599-0568', 15);
insert into Patients (id, FirstName, LastName, DOB, Sex, Email, PhoneNumber, PrimaryDoctorID) values (96, 'Harlen', 'Cakes', '1953-03-12 20:13:07', 'M', 'hcakes2n@stanford.edu', '333-221-0402', 16);
insert into Patients (id, FirstName, LastName, DOB, Sex, Email, PhoneNumber, PrimaryDoctorID) values (97, 'Frederic', 'Strettell', '1997-02-24 19:37:09', 'M', 'fstrettell2o@discuz.net', '303-972-5850', 17);
insert into Patients (id, FirstName, LastName, DOB, Sex, Email, PhoneNumber, PrimaryDoctorID) values (98, 'Colan', 'Zecchetti', '1959-02-17 00:33:51', 'M', 'czecchetti2p@ehow.com', '834-224-9178', 18);
insert into Patients (id, FirstName, LastName, DOB, Sex, Email, PhoneNumber, PrimaryDoctorID) values (99, 'Aluino', 'Flockhart', '1985-04-14 12:47:11', 'M', 'aflockhart2q@shop-pro.jp', '766-874-2929', 19);
insert into Patients (id, FirstName, LastName, DOB, Sex, Email, PhoneNumber, PrimaryDoctorID) values (100, 'Jules', 'Laudham', '2003-05-14 03:27:26', 'M', 'jlaudham2r@yahoo.com', '856-594-3014', 20);


#Appointments Insert

insert into Appointments (id, AppointmentDateTime, PatientId, DoctorId, Notes, Cancelled) values (1, '2016-04-15 03:22:37', 30, 9, 'Other chondrocalcinosis, left hand', true);
insert into Appointments (id, AppointmentDateTime, PatientId, DoctorId, Notes, Cancelled) values (2, '2016-04-09 14:45:30', 37, 16, 'Labor and delivery complicated by short cord, fetus 3', false);
insert into Appointments (id, AppointmentDateTime, PatientId, DoctorId, Notes, Cancelled) values (3, '2016-11-12 06:19:22', 34, 7, 'Displaced other extraarticular fracture of left calcaneus', true);
insert into Appointments (id, AppointmentDateTime, PatientId, DoctorId, Notes, Cancelled) values (4, '2017-03-13 13:18:48', 28, 5, 'Burn of third degree of unspecified scapular region, sequela', true);
insert into Appointments (id, AppointmentDateTime, PatientId, DoctorId, Notes, Cancelled) values (5, '2016-04-21 01:15:13', 41, 3, 'Milt op involving unsp explosion and fragments, civilian', true);
insert into Appointments (id, AppointmentDateTime, PatientId, DoctorId, Notes, Cancelled) values (6, '2016-09-23 09:31:15', 49, 4, 'Puncture wound w/o foreign body of right forearm, sequela', false);
insert into Appointments (id, AppointmentDateTime, PatientId, DoctorId, Notes, Cancelled) values (7, '2017-06-24 03:21:23', 28, 16, 'Corros third degree of unsp single finger except thumb, subs', true);
insert into Appointments (id, AppointmentDateTime, PatientId, DoctorId, Notes, Cancelled) values (8, '2017-12-09 14:00:57', 64, 15, 'Dislocation of distal interphaln joint of r rng fngr, subs', true);
insert into Appointments (id, AppointmentDateTime, PatientId, DoctorId, Notes, Cancelled) values (9, '2016-01-29 05:14:05', 70, 15, 'Newborn affected by other maternal conditions', false);
insert into Appointments (id, AppointmentDateTime, PatientId, DoctorId, Notes, Cancelled) values (10, '2016-08-26 18:27:20', 4, 15, 'Broken internal right knee prosthesis', false);
insert into Appointments (id, AppointmentDateTime, PatientId, DoctorId, Notes, Cancelled) values (11, '2017-05-10 01:14:16', 5, 3, 'Fall on or from playground slide, sequela', false);
insert into Appointments (id, AppointmentDateTime, PatientId, DoctorId, Notes, Cancelled) values (12, '2017-04-21 04:54:31', 81, 4, 'Pedestrian injured in traf involving unsp mv, init', false);
insert into Appointments (id, AppointmentDateTime, PatientId, DoctorId, Notes, Cancelled) values (13, '2016-07-02 05:15:09', 63, 19, 'Burn of first degree of nose (septum), initial encounter', true);
insert into Appointments (id, AppointmentDateTime, PatientId, DoctorId, Notes, Cancelled) values (14, '2017-06-04 05:22:16', 49, 16, 'Ped on rolr-skt inj in clsn w nonmtr vehicle, unsp, sequela', false);
insert into Appointments (id, AppointmentDateTime, PatientId, DoctorId, Notes, Cancelled) values (15, '2017-10-27 00:58:25', 31, 4, 'Person injured while boarding or alighting from streetcar', false);
insert into Appointments (id, AppointmentDateTime, PatientId, DoctorId, Notes, Cancelled) values (16, '2017-06-04 03:33:56', 26, 11, 'Sltr-haris Type IV physeal fracture of unspecified calcaneus', true);
insert into Appointments (id, AppointmentDateTime, PatientId, DoctorId, Notes, Cancelled) values (17, '2017-10-23 20:34:38', 19, 9, 'Strain of unsp musc/tend at lower leg level, unsp leg, subs', false);
insert into Appointments (id, AppointmentDateTime, PatientId, DoctorId, Notes, Cancelled) values (18, '2017-09-19 23:52:36', 94, 15, 'Burn unsp deg of unsp site left lower limb, ex ank/ft, init', true);
insert into Appointments (id, AppointmentDateTime, PatientId, DoctorId, Notes, Cancelled) values (19, '2017-01-29 10:48:33', 87, 10, 'Unsp fracture of left femur, init for opn fx type 3A/B/C', true);
insert into Appointments (id, AppointmentDateTime, PatientId, DoctorId, Notes, Cancelled) values (20, '2016-04-09 08:38:55', 95, 9, 'Unsp injury of flexor musc/fasc/tend l rng fngr at forarm lv', true);
insert into Appointments (id, AppointmentDateTime, PatientId, DoctorId, Notes, Cancelled) values (21, '2017-04-21 09:57:36', 58, 6, 'Other tear of lateral meniscus, current injury, right knee', false);
insert into Appointments (id, AppointmentDateTime, PatientId, DoctorId, Notes, Cancelled) values (22, '2017-12-02 13:50:04', 8, 1, 'Unsp inj musc/tend peroneal grp at low leg lev,unsp leg,init', false);
insert into Appointments (id, AppointmentDateTime, PatientId, DoctorId, Notes, Cancelled) values (23, '2016-10-04 01:14:30', 87, 11, 'Burn of third degree of other site of trunk, sequela', false);
insert into Appointments (id, AppointmentDateTime, PatientId, DoctorId, Notes, Cancelled) values (24, '2016-12-27 19:09:06', 86, 18, 'Opioid depend w opioid-induc psychotic disorder w hallucin', true);
insert into Appointments (id, AppointmentDateTime, PatientId, DoctorId, Notes, Cancelled) values (25, '2016-05-31 02:14:12', 76, 20, 'Pnctr w/o fb of abd wall, epigst rgn w penet perit cav, subs', false);
insert into Appointments (id, AppointmentDateTime, PatientId, DoctorId, Notes, Cancelled) values (26, '2017-07-02 19:36:27', 58, 18, 'Poisoning by unsp drugs acting on muscles, undet, sequela', false);
insert into Appointments (id, AppointmentDateTime, PatientId, DoctorId, Notes, Cancelled) values (27, '2017-05-23 19:06:52', 42, 4, 'Mood disord d/t physiol cond w major depressive-like epsd', false);
insert into Appointments (id, AppointmentDateTime, PatientId, DoctorId, Notes, Cancelled) values (28, '2016-05-19 02:55:45', 34, 2, 'Contus/lac l cereb w LOC w dth d/t oth cause bf consc, sqla', true);
insert into Appointments (id, AppointmentDateTime, PatientId, DoctorId, Notes, Cancelled) values (29, '2017-12-13 07:48:28', 15, 5, 'Poisoning by pyrazolone derivatives, accidental, subs', true);
insert into Appointments (id, AppointmentDateTime, PatientId, DoctorId, Notes, Cancelled) values (30, '2016-08-05 10:36:49', 66, 10, 'Burn unsp degree of unsp single finger (nail) except thumb', true);
insert into Appointments (id, AppointmentDateTime, PatientId, DoctorId, Notes, Cancelled) values (31, '2017-02-03 15:15:49', 91, 20, 'Metatarsalgia, right foot', false);
insert into Appointments (id, AppointmentDateTime, PatientId, DoctorId, Notes, Cancelled) values (32, '2016-07-04 16:20:29', 77, 20, 'Unsp inj unsp blood vess at wrs/hnd lv of right arm, sequela', true);
insert into Appointments (id, AppointmentDateTime, PatientId, DoctorId, Notes, Cancelled) values (33, '2017-01-02 13:14:18', 90, 5, 'Oth fracture of right pubis, subs for fx w delay heal', false);
insert into Appointments (id, AppointmentDateTime, PatientId, DoctorId, Notes, Cancelled) values (34, '2016-08-19 17:52:26', 39, 1, 'Disorder of ligament, shoulder', false);
insert into Appointments (id, AppointmentDateTime, PatientId, DoctorId, Notes, Cancelled) values (35, '2016-04-30 02:46:09', 70, 17, 'Disp fx of neck of metacarpal bone, subs for fx w delay heal', true);
insert into Appointments (id, AppointmentDateTime, PatientId, DoctorId, Notes, Cancelled) values (36, '2017-12-23 08:43:12', 2, 11, 'Strain of muscle, fascia and tendon of long head of biceps', false);
insert into Appointments (id, AppointmentDateTime, PatientId, DoctorId, Notes, Cancelled) values (37, '2017-10-20 17:51:43', 85, 5, 'Other specified disorders of bone, ankle and foot', true);
insert into Appointments (id, AppointmentDateTime, PatientId, DoctorId, Notes, Cancelled) values (38, '2017-01-29 01:52:50', 50, 2, 'Fall in (into) shower or empty bathtub, sequela', true);
insert into Appointments (id, AppointmentDateTime, PatientId, DoctorId, Notes, Cancelled) values (39, '2017-05-19 07:45:42', 94, 15, 'Laceration w/o foreign body of left cheek and TMJ area', false);
insert into Appointments (id, AppointmentDateTime, PatientId, DoctorId, Notes, Cancelled) values (40, '2017-08-31 08:32:32', 50, 8, 'Polyhydramnios', false);
insert into Appointments (id, AppointmentDateTime, PatientId, DoctorId, Notes, Cancelled) values (41, '2017-04-06 21:57:23', 99, 5, 'Adverse effect of diagnostic agents, subsequent encounter', false);
insert into Appointments (id, AppointmentDateTime, PatientId, DoctorId, Notes, Cancelled) values (42, '2017-10-30 20:33:27', 30, 14, 'Contact with nonvenomous amphibians', true);
insert into Appointments (id, AppointmentDateTime, PatientId, DoctorId, Notes, Cancelled) values (43, '2016-11-16 10:45:02', 35, 1, 'Smith''s fx left rad, subs for opn fx type I/2 w delay heal', false);
insert into Appointments (id, AppointmentDateTime, PatientId, DoctorId, Notes, Cancelled) values (44, '2017-01-08 23:31:41', 7, 13, 'Assault by strike by baseball bat, initial encounter', true);
insert into Appointments (id, AppointmentDateTime, PatientId, DoctorId, Notes, Cancelled) values (45, '2016-02-20 12:48:27', 93, 17, 'Major osseous defect, right shoulder region', true);
insert into Appointments (id, AppointmentDateTime, PatientId, DoctorId, Notes, Cancelled) values (46, '2017-01-10 05:46:39', 17, 16, 'Split foot, bilateral', false);
insert into Appointments (id, AppointmentDateTime, PatientId, DoctorId, Notes, Cancelled) values (47, '2016-11-27 19:08:45', 32, 13, 'Bucket-hndl tear of medial mensc, crnt injury, l knee, init', false);
insert into Appointments (id, AppointmentDateTime, PatientId, DoctorId, Notes, Cancelled) values (48, '2016-02-21 09:57:01', 82, 19, 'Poisoning by oth nonopio analges/antipyret, NEC, undet, init', true);
insert into Appointments (id, AppointmentDateTime, PatientId, DoctorId, Notes, Cancelled) values (49, '2017-01-21 18:47:15', 34, 16, 'Posterior subluxation of right hip', true);
insert into Appointments (id, AppointmentDateTime, PatientId, DoctorId, Notes, Cancelled) values (50, '2017-11-18 16:22:05', 84, 18, 'Other specified injury of right external jugular vein', false);
insert into Appointments (id, AppointmentDateTime, PatientId, DoctorId, Notes, Cancelled) values (51, '2017-08-07 14:47:05', 100, 3, 'Prph tear of lat mensc, current injury, right knee, sequela', false);
insert into Appointments (id, AppointmentDateTime, PatientId, DoctorId, Notes, Cancelled) values (52, '2016-11-12 22:48:33', 47, 20, 'Underdosing of thyroid hormones and substitutes, sequela', false);
insert into Appointments (id, AppointmentDateTime, PatientId, DoctorId, Notes, Cancelled) values (53, '2016-09-24 03:37:44', 19, 6, 'Disp fx of neck of scapula, left shoulder, init for clos fx', true);
insert into Appointments (id, AppointmentDateTime, PatientId, DoctorId, Notes, Cancelled) values (54, '2017-01-30 13:49:33', 71, 18, 'Other specified disorders of adrenal gland', false);
insert into Appointments (id, AppointmentDateTime, PatientId, DoctorId, Notes, Cancelled) values (55, '2016-12-31 02:02:17', 5, 13, 'Kernicterus, unspecified', false);
insert into Appointments (id, AppointmentDateTime, PatientId, DoctorId, Notes, Cancelled) values (56, '2017-10-14 20:24:28', 29, 9, 'Malignant neoplasm of left ovary', false);
insert into Appointments (id, AppointmentDateTime, PatientId, DoctorId, Notes, Cancelled) values (57, '2017-07-28 22:13:16', 38, 7, 'Rheumatoid lung disease w rheumatoid arthritis of unsp hip', true);
insert into Appointments (id, AppointmentDateTime, PatientId, DoctorId, Notes, Cancelled) values (58, '2017-05-25 05:48:39', 76, 6, 'Acute epiglottitis', false);
insert into Appointments (id, AppointmentDateTime, PatientId, DoctorId, Notes, Cancelled) values (59, '2017-12-04 09:27:39', 57, 5, 'Poisoning by opth drugs and preparations, undetermined, init', true);
insert into Appointments (id, AppointmentDateTime, PatientId, DoctorId, Notes, Cancelled) values (60, '2017-04-02 19:28:21', 32, 10, 'Displ spiral fx shaft of rad, l arm, 7thM', false);
insert into Appointments (id, AppointmentDateTime, PatientId, DoctorId, Notes, Cancelled) values (61, '2016-09-30 01:35:30', 30, 19, 'Other displaced fracture of lower end of unspecified humerus', false);
insert into Appointments (id, AppointmentDateTime, PatientId, DoctorId, Notes, Cancelled) values (62, '2017-07-03 01:57:04', 99, 13, 'Poisoning by other narcotics, accidental (unintentional)', false);
insert into Appointments (id, AppointmentDateTime, PatientId, DoctorId, Notes, Cancelled) values (63, '2016-11-26 22:07:35', 59, 8, 'Psychotropic drugs', true);
insert into Appointments (id, AppointmentDateTime, PatientId, DoctorId, Notes, Cancelled) values (64, '2016-07-22 05:51:53', 1, 4, 'Injury of ulnar nerve at wrist and hand level of left arm', true);
insert into Appointments (id, AppointmentDateTime, PatientId, DoctorId, Notes, Cancelled) values (65, '2017-03-07 23:47:09', 25, 4, 'Fracture of superior rim of right pubis, init for clos fx', false);
insert into Appointments (id, AppointmentDateTime, PatientId, DoctorId, Notes, Cancelled) values (66, '2016-08-09 00:58:28', 11, 6, 'Nondisp fx of shaft of 3rd MC bone, r hand, 7thG', false);
insert into Appointments (id, AppointmentDateTime, PatientId, DoctorId, Notes, Cancelled) values (67, '2016-06-05 21:18:07', 14, 9, 'Juvenile myelomonocytic leukemia, not achieve remission', true);
insert into Appointments (id, AppointmentDateTime, PatientId, DoctorId, Notes, Cancelled) values (68, '2016-06-02 23:31:52', 48, 17, 'Osteitis deformans in neoplastic diseases, unsp upper arm', true);
insert into Appointments (id, AppointmentDateTime, PatientId, DoctorId, Notes, Cancelled) values (69, '2017-07-07 07:43:15', 14, 10, 'Strain extensor musc/fasc/tend r little finger at forarm lv', true);
insert into Appointments (id, AppointmentDateTime, PatientId, DoctorId, Notes, Cancelled) values (70, '2017-01-20 01:59:42', 44, 19, 'Underdosing of opium, initial encounter', true);
insert into Appointments (id, AppointmentDateTime, PatientId, DoctorId, Notes, Cancelled) values (71, '2017-10-15 00:23:15', 91, 10, 'Premature separation of placenta w dissem intravasc coag', false);
insert into Appointments (id, AppointmentDateTime, PatientId, DoctorId, Notes, Cancelled) values (72, '2017-08-19 21:46:22', 50, 8, 'Drown due to fall/jump fr burning water-skis, init', true);
insert into Appointments (id, AppointmentDateTime, PatientId, DoctorId, Notes, Cancelled) values (73, '2017-03-20 20:41:30', 28, 12, 'War op w explosn of sea-based artlry shell, milt, subs', false);
insert into Appointments (id, AppointmentDateTime, PatientId, DoctorId, Notes, Cancelled) values (74, '2017-10-01 23:36:11', 43, 1, 'Peripheral opacity of cornea, left eye', false);
insert into Appointments (id, AppointmentDateTime, PatientId, DoctorId, Notes, Cancelled) values (75, '2016-09-06 01:40:50', 17, 1, 'Familial chondrocalcinosis, left hip', true);
insert into Appointments (id, AppointmentDateTime, PatientId, DoctorId, Notes, Cancelled) values (76, '2016-07-11 00:40:07', 55, 6, 'Nondisp seg fx shaft of unsp tibia, 7thD', false);
insert into Appointments (id, AppointmentDateTime, PatientId, DoctorId, Notes, Cancelled) values (77, '2017-05-12 23:42:44', 25, 1, 'Nondisp transverse fx shaft of l tibia, 7thM', true);
insert into Appointments (id, AppointmentDateTime, PatientId, DoctorId, Notes, Cancelled) values (78, '2016-02-04 21:32:57', 24, 7, 'Disp fx of pisiform, unsp wrist, subs for fx w routn heal', true);
insert into Appointments (id, AppointmentDateTime, PatientId, DoctorId, Notes, Cancelled) values (79, '2017-01-29 17:17:16', 8, 14, 'Gilbert syndrome', false);
insert into Appointments (id, AppointmentDateTime, PatientId, DoctorId, Notes, Cancelled) values (80, '2017-12-13 07:29:08', 2, 19, 'Strain of extensor musc/fasc/tend r mid finger at wrs/hnd lv', true);
insert into Appointments (id, AppointmentDateTime, PatientId, DoctorId, Notes, Cancelled) values (81, '2016-12-29 08:25:02', 9, 15, 'Degeneration of nervous system due to alcohol', true);
insert into Appointments (id, AppointmentDateTime, PatientId, DoctorId, Notes, Cancelled) values (82, '2016-01-08 22:44:56', 52, 8, 'Pnctr w/o fb of right thumb w/o damage to nail, sequela', true);
insert into Appointments (id, AppointmentDateTime, PatientId, DoctorId, Notes, Cancelled) values (83, '2017-08-10 17:51:32', 80, 9, 'Inj muscle, fascia and tendon of prt biceps, unsp arm, init', true);
insert into Appointments (id, AppointmentDateTime, PatientId, DoctorId, Notes, Cancelled) values (84, '2016-08-31 15:02:09', 31, 12, 'Displ intartic fx unsp calcaneus, subs for fx w routn heal', true);
insert into Appointments (id, AppointmentDateTime, PatientId, DoctorId, Notes, Cancelled) values (85, '2017-07-09 11:54:46', 2, 2, 'Other specified intestinal helminthiases', true);
insert into Appointments (id, AppointmentDateTime, PatientId, DoctorId, Notes, Cancelled) values (86, '2016-01-04 20:16:36', 7, 16, 'Toxic eff of fluorine gas and hydrogen fluoride, acc, subs', false);
insert into Appointments (id, AppointmentDateTime, PatientId, DoctorId, Notes, Cancelled) values (87, '2016-05-08 18:00:39', 23, 6, 'Oth incomplete lesion at T11-T12', true);
insert into Appointments (id, AppointmentDateTime, PatientId, DoctorId, Notes, Cancelled) values (88, '2016-05-03 06:58:52', 45, 1, 'Postimmunization arthropathy, wrist', true);
insert into Appointments (id, AppointmentDateTime, PatientId, DoctorId, Notes, Cancelled) values (89, '2017-09-08 14:46:06', 85, 6, 'Pathological fracture in other disease, left radius', true);
insert into Appointments (id, AppointmentDateTime, PatientId, DoctorId, Notes, Cancelled) values (90, '2017-05-08 14:54:34', 8, 5, 'Leakage of balloon (counterpulsation) device, sequela', false);
insert into Appointments (id, AppointmentDateTime, PatientId, DoctorId, Notes, Cancelled) values (91, '2016-10-26 23:36:48', 99, 6, 'Disp fx of pisiform, right wrist, subs for fx w routn heal', true);
insert into Appointments (id, AppointmentDateTime, PatientId, DoctorId, Notes, Cancelled) values (92, '2017-12-03 05:36:13', 87, 14, 'Occup of 3-whl mv injured in nonclsn trnsp accident in traf', false);
insert into Appointments (id, AppointmentDateTime, PatientId, DoctorId, Notes, Cancelled) values (93, '2016-10-10 19:07:31', 48, 8, 'Sltr-haris Type II physl fx low end r tibia, 7thK', false);
insert into Appointments (id, AppointmentDateTime, PatientId, DoctorId, Notes, Cancelled) values (94, '2017-03-01 07:28:52', 23, 16, 'Foreign body in mouth, initial encounter', true);
insert into Appointments (id, AppointmentDateTime, PatientId, DoctorId, Notes, Cancelled) values (95, '2016-01-28 07:17:07', 17, 17, 'Spina bifida', true);
insert into Appointments (id, AppointmentDateTime, PatientId, DoctorId, Notes, Cancelled) values (96, '2017-02-21 08:34:22', 28, 4, 'Thanatophoric short stature', false);
insert into Appointments (id, AppointmentDateTime, PatientId, DoctorId, Notes, Cancelled) values (97, '2016-03-30 17:12:26', 44, 1, 'Age-rel osteopor w current path fracture, r low leg, init', false);
insert into Appointments (id, AppointmentDateTime, PatientId, DoctorId, Notes, Cancelled) values (98, '2017-07-30 10:17:08', 39, 17, 'Unspecified fracture of lower end of left femur, sequela', false);
insert into Appointments (id, AppointmentDateTime, PatientId, DoctorId, Notes, Cancelled) values (99, '2017-09-17 02:47:57', 45, 17, 'Infantile idiopathic scoliosis, thoracic region', true);
insert into Appointments (id, AppointmentDateTime, PatientId, DoctorId, Notes, Cancelled) values (100, '2017-03-23 00:43:36', 51, 17, 'Central dislocation of hip', false);
insert into Appointments (id, AppointmentDateTime, PatientId, DoctorId, Notes, Cancelled) values (101, '2016-08-03 22:54:00', 97, 6, 'Cataract secondary to ocular disorders, left eye', false);
insert into Appointments (id, AppointmentDateTime, PatientId, DoctorId, Notes, Cancelled) values (102, '2017-06-05 19:20:57', 16, 6, 'Displ osteochon fx r patella, subs for clos fx w malunion', true);
insert into Appointments (id, AppointmentDateTime, PatientId, DoctorId, Notes, Cancelled) values (103, '2016-05-06 18:50:00', 22, 12, 'Mechanical complication of internal joint prosthesis', true);
insert into Appointments (id, AppointmentDateTime, PatientId, DoctorId, Notes, Cancelled) values (104, '2017-11-20 10:33:43', 46, 10, 'Late congenital syphilis, latent', false);
insert into Appointments (id, AppointmentDateTime, PatientId, DoctorId, Notes, Cancelled) values (105, '2017-09-19 16:47:14', 23, 3, 'Path fx in neopltc disease, r tibia, subs for fx w malunion', true);
insert into Appointments (id, AppointmentDateTime, PatientId, DoctorId, Notes, Cancelled) values (106, '2016-05-13 08:47:02', 52, 4, 'Oth psychoactive substance dependence with withdrawal, unsp', true);
insert into Appointments (id, AppointmentDateTime, PatientId, DoctorId, Notes, Cancelled) values (107, '2016-02-23 10:08:58', 81, 18, 'Gout', true);
insert into Appointments (id, AppointmentDateTime, PatientId, DoctorId, Notes, Cancelled) values (108, '2017-07-15 00:55:40', 27, 2, 'Segmental and somatic dysfunction of abdomen and oth regions', true);
insert into Appointments (id, AppointmentDateTime, PatientId, DoctorId, Notes, Cancelled) values (109, '2017-12-26 02:42:35', 77, 8, 'Passenger on bus injured in clsn w pedl cyc in traf, init', false);
insert into Appointments (id, AppointmentDateTime, PatientId, DoctorId, Notes, Cancelled) values (110, '2017-10-01 07:20:48', 10, 7, 'Third degree perineal laceration during delivery, IIIa', false);
insert into Appointments (id, AppointmentDateTime, PatientId, DoctorId, Notes, Cancelled) values (111, '2016-11-30 13:05:23', 90, 19, 'Drown due to being washed overboard from oth powered wtrcrft', true);
insert into Appointments (id, AppointmentDateTime, PatientId, DoctorId, Notes, Cancelled) values (112, '2016-03-28 07:49:28', 70, 13, 'Nondisp fx of neck of first metacarpal bone, left hand, init', true);
insert into Appointments (id, AppointmentDateTime, PatientId, DoctorId, Notes, Cancelled) values (113, '2017-03-04 13:58:28', 43, 8, 'Generalized rebound abdominal tenderness', false);
insert into Appointments (id, AppointmentDateTime, PatientId, DoctorId, Notes, Cancelled) values (114, '2017-01-30 01:02:47', 60, 11, 'Disp fx of posterior column of unsp acetabulum, init', false);
insert into Appointments (id, AppointmentDateTime, PatientId, DoctorId, Notes, Cancelled) values (115, '2016-03-09 02:58:52', 22, 4, 'Disp fx of l tibial tuberosity, 7thJ', false);
insert into Appointments (id, AppointmentDateTime, PatientId, DoctorId, Notes, Cancelled) values (116, '2016-03-21 23:44:53', 53, 1, 'Milt op involving chemical weapons and oth unconvtl warfare', false);
insert into Appointments (id, AppointmentDateTime, PatientId, DoctorId, Notes, Cancelled) values (117, '2016-07-23 09:36:35', 89, 9, 'Oth pregnancy related conditions, unspecified trimester', true);
insert into Appointments (id, AppointmentDateTime, PatientId, DoctorId, Notes, Cancelled) values (118, '2017-09-18 18:43:19', 20, 6, 'Lack of expected normal physiol dev in childhood and adults', true);
insert into Appointments (id, AppointmentDateTime, PatientId, DoctorId, Notes, Cancelled) values (119, '2017-12-19 15:03:03', 67, 20, 'Burn of 2nd deg mul left fingers (nail), not including thumb', false);
insert into Appointments (id, AppointmentDateTime, PatientId, DoctorId, Notes, Cancelled) values (120, '2017-03-23 04:31:42', 20, 1, 'Lateral dislocation of unsp ulnohumeral joint, sequela', false);
insert into Appointments (id, AppointmentDateTime, PatientId, DoctorId, Notes, Cancelled) values (121, '2016-02-04 01:13:35', 42, 13, 'War operations involving fragments from munitions, civilian', true);
insert into Appointments (id, AppointmentDateTime, PatientId, DoctorId, Notes, Cancelled) values (122, '2017-04-16 09:26:55', 12, 14, 'Path fx in neopltc dis, l shldr, subs for fx w delay heal', false);
insert into Appointments (id, AppointmentDateTime, PatientId, DoctorId, Notes, Cancelled) values (123, '2016-07-11 17:06:18', 94, 20, 'Disp fx of neck of first metacarpal bone, left hand, sequela', true);
insert into Appointments (id, AppointmentDateTime, PatientId, DoctorId, Notes, Cancelled) values (124, '2016-06-19 02:42:04', 47, 10, 'Posterior dislocation of right ulnohumeral joint, subs', false);
insert into Appointments (id, AppointmentDateTime, PatientId, DoctorId, Notes, Cancelled) values (125, '2017-02-17 04:57:28', 95, 6, 'Drown due to falling or jumping from burning sailboat', true);
insert into Appointments (id, AppointmentDateTime, PatientId, DoctorId, Notes, Cancelled) values (126, '2017-01-19 04:11:07', 80, 9, 'Motorcycle driver injured pick-up truck, pk-up/van in traf', true);
insert into Appointments (id, AppointmentDateTime, PatientId, DoctorId, Notes, Cancelled) values (127, '2016-12-18 01:06:37', 4, 20, 'Open bite of unspecified eyelid and periocular area, sequela', true);
insert into Appointments (id, AppointmentDateTime, PatientId, DoctorId, Notes, Cancelled) values (128, '2017-06-08 06:47:15', 95, 2, 'Oth disp fx of upper end unsp humer, subs for fx w malunion', true);
insert into Appointments (id, AppointmentDateTime, PatientId, DoctorId, Notes, Cancelled) values (129, '2017-10-26 10:16:38', 6, 18, 'Drowning and submersion due to canoe or kayak overturning', false);
insert into Appointments (id, AppointmentDateTime, PatientId, DoctorId, Notes, Cancelled) values (130, '2017-01-13 12:43:46', 78, 19, 'Other specified injury of innominate or subclavian artery', true);
insert into Appointments (id, AppointmentDateTime, PatientId, DoctorId, Notes, Cancelled) values (131, '2016-11-14 04:37:34', 87, 2, 'Displaced dome fracture of left acetabulum', false);
insert into Appointments (id, AppointmentDateTime, PatientId, DoctorId, Notes, Cancelled) values (132, '2016-12-02 03:10:24', 9, 16, 'Corrosion of first degree of buttock, initial encounter', false);
insert into Appointments (id, AppointmentDateTime, PatientId, DoctorId, Notes, Cancelled) values (133, '2017-03-14 06:33:33', 83, 11, 'Corros 1st deg mult sites of right shldr/up lmb, ex wrs/hnd', false);
insert into Appointments (id, AppointmentDateTime, PatientId, DoctorId, Notes, Cancelled) values (134, '2016-11-23 05:20:45', 76, 1, 'Displaced fracture of medial malleolus of right tibia', true);
insert into Appointments (id, AppointmentDateTime, PatientId, DoctorId, Notes, Cancelled) values (135, '2016-04-06 11:47:03', 62, 16, 'Toxic effect of cntct w oth venom marine animals, acc, init', true);
insert into Appointments (id, AppointmentDateTime, PatientId, DoctorId, Notes, Cancelled) values (136, '2016-12-01 17:38:10', 4, 18, 'Breakdown (mechanical) of balloon (counterpulsation) device', true);
insert into Appointments (id, AppointmentDateTime, PatientId, DoctorId, Notes, Cancelled) values (137, '2017-04-08 15:16:26', 4, 12, 'Tympanosclerosis, bilateral', true);
insert into Appointments (id, AppointmentDateTime, PatientId, DoctorId, Notes, Cancelled) values (138, '2016-05-15 00:47:30', 36, 11, 'Unsp superficial injury of right little finger, subs encntr', true);
insert into Appointments (id, AppointmentDateTime, PatientId, DoctorId, Notes, Cancelled) values (139, '2016-06-01 06:31:15', 40, 3, 'Unsp inj flexor musc/fasc/tend l thm at forarm lv, init', true);
insert into Appointments (id, AppointmentDateTime, PatientId, DoctorId, Notes, Cancelled) values (140, '2016-08-06 13:01:26', 39, 20, 'War op w acc deton onboard marine weapons, civilian, init', true);
insert into Appointments (id, AppointmentDateTime, PatientId, DoctorId, Notes, Cancelled) values (141, '2017-08-11 00:00:13', 25, 19, 'Solitary bone cyst, right ankle and foot', true);
insert into Appointments (id, AppointmentDateTime, PatientId, DoctorId, Notes, Cancelled) values (142, '2017-08-09 15:46:24', 84, 9, 'Keratoconjunctivitis', true);
insert into Appointments (id, AppointmentDateTime, PatientId, DoctorId, Notes, Cancelled) values (143, '2016-05-10 18:07:34', 98, 16, 'Maternal care for oth rhesus isoimmun, unsp trimester, unsp', false);
insert into Appointments (id, AppointmentDateTime, PatientId, DoctorId, Notes, Cancelled) values (144, '2016-01-22 05:24:28', 36, 5, 'Unsp fx shaft of unsp fibula, 7thH', false);
insert into Appointments (id, AppointmentDateTime, PatientId, DoctorId, Notes, Cancelled) values (145, '2016-10-06 18:57:52', 51, 16, 'Drown due to fall off unsp watercraft, sequela', false);
insert into Appointments (id, AppointmentDateTime, PatientId, DoctorId, Notes, Cancelled) values (146, '2017-01-26 09:49:31', 9, 10, 'Inj oth flexor musc/fasc/tend at forarm lv, right arm, subs', true);
insert into Appointments (id, AppointmentDateTime, PatientId, DoctorId, Notes, Cancelled) values (147, '2016-06-13 03:30:36', 32, 8, 'Fracture of ramus of right mandible, init', false);
insert into Appointments (id, AppointmentDateTime, PatientId, DoctorId, Notes, Cancelled) values (148, '2017-01-05 15:25:42', 14, 19, 'Nondisplaced apophyseal fracture of unsp femur, init', false);
insert into Appointments (id, AppointmentDateTime, PatientId, DoctorId, Notes, Cancelled) values (149, '2017-02-16 10:24:00', 38, 3, 'Oth malig neoplm of lymphoid, hematpoetc and related tissue', true);
insert into Appointments (id, AppointmentDateTime, PatientId, DoctorId, Notes, Cancelled) values (150, '2017-05-01 22:10:01', 50, 20, 'Oth malig neoplasm skin/ left ear and external auric canal', false);
insert into Appointments (id, AppointmentDateTime, PatientId, DoctorId, Notes, Cancelled) values (151, '2017-08-10 15:30:57', 53, 18, 'Disp fx of neck of third metacarpal bone, right hand, init', true);
insert into Appointments (id, AppointmentDateTime, PatientId, DoctorId, Notes, Cancelled) values (152, '2016-11-02 20:03:36', 10, 9, 'Unspecified open wound of left hand, sequela', false);
insert into Appointments (id, AppointmentDateTime, PatientId, DoctorId, Notes, Cancelled) values (153, '2016-08-12 21:06:14', 68, 5, 'Nondisp fx of base of 3rd MC bone, r hand, 7thP', false);
insert into Appointments (id, AppointmentDateTime, PatientId, DoctorId, Notes, Cancelled) values (154, '2016-06-30 04:43:44', 38, 7, 'Open bite of left forearm', false);
insert into Appointments (id, AppointmentDateTime, PatientId, DoctorId, Notes, Cancelled) values (155, '2017-10-30 16:09:35', 66, 5, 'Traumatic rupture of ligament of r idx fngr at MCP/IP jt', true);
insert into Appointments (id, AppointmentDateTime, PatientId, DoctorId, Notes, Cancelled) values (156, '2016-09-17 04:22:07', 66, 12, 'Blister (nonthermal) of left middle finger, sequela', true);
insert into Appointments (id, AppointmentDateTime, PatientId, DoctorId, Notes, Cancelled) values (157, '2017-11-10 05:35:25', 4, 16, 'Contus/lac r cereb w LOC w death due to oth cause bf consc', true);
insert into Appointments (id, AppointmentDateTime, PatientId, DoctorId, Notes, Cancelled) values (158, '2017-09-05 19:51:24', 79, 12, 'Other specified arthritis, multiple sites', true);
insert into Appointments (id, AppointmentDateTime, PatientId, DoctorId, Notes, Cancelled) values (159, '2016-07-19 13:26:41', 30, 15, 'Other Hodgkin lymphoma, extranodal and solid organ sites', false);
insert into Appointments (id, AppointmentDateTime, PatientId, DoctorId, Notes, Cancelled) values (160, '2016-10-01 02:24:43', 69, 8, 'Crush betw unsp wtrcrft and oth wtrcrft/obj d/t clsn, sqla', false);
insert into Appointments (id, AppointmentDateTime, PatientId, DoctorId, Notes, Cancelled) values (161, '2017-07-27 12:26:27', 41, 6, 'Open bite of unspecified shoulder, initial encounter', true);
insert into Appointments (id, AppointmentDateTime, PatientId, DoctorId, Notes, Cancelled) values (162, '2017-04-07 03:58:27', 24, 4, 'Rheumatoid bursitis, wrist', true);
insert into Appointments (id, AppointmentDateTime, PatientId, DoctorId, Notes, Cancelled) values (163, '2017-08-31 07:00:52', 61, 3, 'Path fx in oth disease, l shoulder, subs for fx w routn heal', true);
insert into Appointments (id, AppointmentDateTime, PatientId, DoctorId, Notes, Cancelled) values (164, '2017-11-06 13:32:56', 33, 5, 'Malignant neoplasm of unspecified part of left adrenal gland', false);
insert into Appointments (id, AppointmentDateTime, PatientId, DoctorId, Notes, Cancelled) values (165, '2017-05-26 03:00:29', 64, 15, 'Subluxation and dislocation of C2/C3 cervical vertebrae', false);
insert into Appointments (id, AppointmentDateTime, PatientId, DoctorId, Notes, Cancelled) values (166, '2017-10-21 18:00:28', 60, 16, 'Poisn by antimalari/drugs acting on bld protzoa, undet, sqla', true);
insert into Appointments (id, AppointmentDateTime, PatientId, DoctorId, Notes, Cancelled) values (167, '2017-05-07 11:47:24', 80, 2, 'Other vascular myelopathies', true);
insert into Appointments (id, AppointmentDateTime, PatientId, DoctorId, Notes, Cancelled) values (168, '2017-05-14 07:59:17', 66, 12, 'Cocaine depend w cocaine-induc psychotic disorder w hallucin', true);
insert into Appointments (id, AppointmentDateTime, PatientId, DoctorId, Notes, Cancelled) values (169, '2017-01-23 05:22:48', 10, 18, 'Unsp injury of radial artery at wrs/hnd lv of left arm, subs', true);
insert into Appointments (id, AppointmentDateTime, PatientId, DoctorId, Notes, Cancelled) values (170, '2016-11-09 21:28:09', 83, 5, 'Unspecified injury of lower leg', false);
insert into Appointments (id, AppointmentDateTime, PatientId, DoctorId, Notes, Cancelled) values (171, '2016-08-01 14:33:59', 63, 3, 'Burn due to water-skis on fire, sequela', true);
insert into Appointments (id, AppointmentDateTime, PatientId, DoctorId, Notes, Cancelled) values (172, '2016-05-02 22:23:06', 3, 15, 'Frostbite with tissue necrosis of right ankle, init encntr', false);
insert into Appointments (id, AppointmentDateTime, PatientId, DoctorId, Notes, Cancelled) values (173, '2017-05-29 18:41:53', 84, 1, 'Malignant neoplasm of unspecified round ligament', false);
insert into Appointments (id, AppointmentDateTime, PatientId, DoctorId, Notes, Cancelled) values (174, '2016-03-19 10:10:06', 19, 7, 'Periprosthetic fracture around internal prosthetic r hip jt', true);
insert into Appointments (id, AppointmentDateTime, PatientId, DoctorId, Notes, Cancelled) values (175, '2017-11-26 13:19:45', 63, 18, 'Other marginal perforations of tympanic membrane, bilateral', false);
insert into Appointments (id, AppointmentDateTime, PatientId, DoctorId, Notes, Cancelled) values (176, '2016-07-30 13:11:50', 59, 18, 'Early congenital syphilitic pharyngitis', false);
insert into Appointments (id, AppointmentDateTime, PatientId, DoctorId, Notes, Cancelled) values (177, '2017-04-27 22:19:33', 15, 17, 'Unsp inj musc/tend ant grp at low leg level, left leg, init', false);
insert into Appointments (id, AppointmentDateTime, PatientId, DoctorId, Notes, Cancelled) values (178, '2017-07-25 20:05:39', 28, 13, 'War op involving explosion of marine mine, milt, sequela', false);
insert into Appointments (id, AppointmentDateTime, PatientId, DoctorId, Notes, Cancelled) values (179, '2017-12-02 20:50:55', 63, 19, 'Iliofemoral ligament sprain of left hip, sequela', false);
insert into Appointments (id, AppointmentDateTime, PatientId, DoctorId, Notes, Cancelled) values (180, '2016-11-09 02:42:19', 12, 4, 'Low-tension glaucoma, right eye, indeterminate stage', false);
insert into Appointments (id, AppointmentDateTime, PatientId, DoctorId, Notes, Cancelled) values (181, '2016-02-26 22:42:51', 31, 17, 'Occup of pk-up/van inj in clsn w 2/3-whl mv in traf, subs', false);
insert into Appointments (id, AppointmentDateTime, PatientId, DoctorId, Notes, Cancelled) values (182, '2017-09-30 23:45:43', 92, 7, 'Hunting rifle discharge, undetermined intent, init encntr', true);
insert into Appointments (id, AppointmentDateTime, PatientId, DoctorId, Notes, Cancelled) values (183, '2017-11-12 05:20:01', 90, 17, 'Toxic effect of unsp gases, fumes and vapors, undet, sequela', true);
insert into Appointments (id, AppointmentDateTime, PatientId, DoctorId, Notes, Cancelled) values (184, '2016-07-23 23:54:17', 22, 11, 'Unsp fracture of unsp calcaneus, subs for fx w routn heal', false);
insert into Appointments (id, AppointmentDateTime, PatientId, DoctorId, Notes, Cancelled) values (185, '2017-07-09 01:15:46', 11, 7, 'Fx oth skull and facial bones, unspecified side, 7thK', false);
insert into Appointments (id, AppointmentDateTime, PatientId, DoctorId, Notes, Cancelled) values (186, '2016-08-21 04:47:48', 76, 2, 'Displ oblique fx shaft of r rad, 7thF', true);
insert into Appointments (id, AppointmentDateTime, PatientId, DoctorId, Notes, Cancelled) values (187, '2016-07-27 18:29:19', 4, 8, 'Curvature of penis (lateral)', false);
insert into Appointments (id, AppointmentDateTime, PatientId, DoctorId, Notes, Cancelled) values (188, '2016-01-23 15:54:16', 26, 7, 'Disp fx of 2nd metatarsal bone, l ft, 7thG', false);
insert into Appointments (id, AppointmentDateTime, PatientId, DoctorId, Notes, Cancelled) values (189, '2017-10-11 10:30:54', 84, 6, 'Unspecified physeal fracture of unspecified metatarsal, 7thP', false);
insert into Appointments (id, AppointmentDateTime, PatientId, DoctorId, Notes, Cancelled) values (190, '2016-06-03 00:14:26', 15, 20, 'Unsp inj extn musc/fasc/tend r thm at wrs/hnd lv, sequela', false);
insert into Appointments (id, AppointmentDateTime, PatientId, DoctorId, Notes, Cancelled) values (191, '2017-11-09 18:58:56', 5, 4, 'Subluxation of MTP joint of unsp lesser toe(s), init', false);
insert into Appointments (id, AppointmentDateTime, PatientId, DoctorId, Notes, Cancelled) values (192, '2016-08-19 19:38:11', 98, 4, 'Phlebitis and thrombophlebitis of left femoral vein', false);
insert into Appointments (id, AppointmentDateTime, PatientId, DoctorId, Notes, Cancelled) values (193, '2017-09-29 21:41:05', 3, 5, 'Exposure to other nonionizing radiation, initial encounter', true);
insert into Appointments (id, AppointmentDateTime, PatientId, DoctorId, Notes, Cancelled) values (194, '2017-07-18 11:52:37', 64, 9, 'Antepartum hemorrhage, unspecified, third trimester', false);
insert into Appointments (id, AppointmentDateTime, PatientId, DoctorId, Notes, Cancelled) values (195, '2016-01-13 08:34:39', 81, 18, 'Poisoning by unsp drugs aff the autonm nervous sys, assault', false);
insert into Appointments (id, AppointmentDateTime, PatientId, DoctorId, Notes, Cancelled) values (196, '2016-10-04 23:25:23', 40, 8, 'Nondisp fx of med phalanx of l idx fngr, 7thK', false);
insert into Appointments (id, AppointmentDateTime, PatientId, DoctorId, Notes, Cancelled) values (197, '2016-07-26 21:46:46', 6, 15, 'Pedl cyclst injured in trnsp acc w military vehicle, init', false);
insert into Appointments (id, AppointmentDateTime, PatientId, DoctorId, Notes, Cancelled) values (198, '2016-12-24 03:15:01', 68, 5, 'Deep vascularization of cornea', false);
insert into Appointments (id, AppointmentDateTime, PatientId, DoctorId, Notes, Cancelled) values (199, '2016-04-28 10:17:45', 73, 4, 'Nondisp avulsion fx left ilium, subs for fx w delay heal', true);
insert into Appointments (id, AppointmentDateTime, PatientId, DoctorId, Notes, Cancelled) values (200, '2016-01-05 11:51:07', 12, 10, 'Inj/poisn/oth conseq of external causes compl preg/chldbrth', true);
insert into Appointments (id, AppointmentDateTime, PatientId, DoctorId, Notes, Cancelled) values (201, '2016-07-02 04:56:20', 51, 14, 'Burn of third degree of right knee, sequela', true);
insert into Appointments (id, AppointmentDateTime, PatientId, DoctorId, Notes, Cancelled) values (202, '2017-09-06 18:17:17', 28, 18, 'Puncture wound without foreign body of unsp ear, sequela', true);
insert into Appointments (id, AppointmentDateTime, PatientId, DoctorId, Notes, Cancelled) values (203, '2016-07-07 04:46:59', 75, 8, 'Corneal disorder due to contact lens, bilateral', false);
insert into Appointments (id, AppointmentDateTime, PatientId, DoctorId, Notes, Cancelled) values (204, '2016-08-04 08:20:46', 20, 20, 'Occup of 3-whl mv inj in clsn w ped/anml nontraf, sequela', false);
insert into Appointments (id, AppointmentDateTime, PatientId, DoctorId, Notes, Cancelled) values (205, '2016-08-20 03:42:45', 40, 12, 'Laceration with foreign body of ear', false);
insert into Appointments (id, AppointmentDateTime, PatientId, DoctorId, Notes, Cancelled) values (206, '2016-08-14 12:29:28', 95, 19, 'Unstable burst fx first cervcal vertebra, init for opn fx', true);
insert into Appointments (id, AppointmentDateTime, PatientId, DoctorId, Notes, Cancelled) values (207, '2017-12-02 04:35:18', 81, 14, 'Oth nondisp fx of upper end r humer, subs for fx w malunion', true);
insert into Appointments (id, AppointmentDateTime, PatientId, DoctorId, Notes, Cancelled) values (208, '2017-06-11 22:11:36', 100, 20, 'Poisoning by unsp antipsychot/neurolept, acc, sequela', true);
insert into Appointments (id, AppointmentDateTime, PatientId, DoctorId, Notes, Cancelled) values (209, '2017-11-27 15:40:56', 23, 13, 'Burn of third degree of left elbow, sequela', true);
insert into Appointments (id, AppointmentDateTime, PatientId, DoctorId, Notes, Cancelled) values (210, '2017-04-20 03:39:42', 29, 8, 'Calcific tendinitis of left shoulder', false);
insert into Appointments (id, AppointmentDateTime, PatientId, DoctorId, Notes, Cancelled) values (211, '2016-11-20 08:22:12', 51, 3, 'Exposure of implanted vaginal mesh into vagina, init', false);
insert into Appointments (id, AppointmentDateTime, PatientId, DoctorId, Notes, Cancelled) values (212, '2016-05-28 18:23:36', 44, 2, 'Pnctr w/o fb of right thumb w/o damage to nail, init', true);
insert into Appointments (id, AppointmentDateTime, PatientId, DoctorId, Notes, Cancelled) values (213, '2017-07-05 13:43:21', 51, 3, 'Displ oblique fx shaft of r rad, 7thH', true);
insert into Appointments (id, AppointmentDateTime, PatientId, DoctorId, Notes, Cancelled) values (214, '2016-05-28 06:48:56', 28, 6, 'Disp fx of base of 4th MC bone, l hand, 7thG', false);
insert into Appointments (id, AppointmentDateTime, PatientId, DoctorId, Notes, Cancelled) values (215, '2016-12-22 22:55:45', 5, 2, 'Disp fx of prox phalanx of unsp less toe(s), 7thK', false);
insert into Appointments (id, AppointmentDateTime, PatientId, DoctorId, Notes, Cancelled) values (216, '2016-03-12 04:45:49', 93, 2, 'Crushing injury of left hand, subsequent encounter', true);
insert into Appointments (id, AppointmentDateTime, PatientId, DoctorId, Notes, Cancelled) values (217, '2016-10-29 02:42:58', 53, 9, 'Sprain of carpal joint of unspecified wrist, subs encntr', false);
insert into Appointments (id, AppointmentDateTime, PatientId, DoctorId, Notes, Cancelled) values (218, '2016-09-08 01:39:05', 31, 1, 'Follicular lymphoma grade IIIa, intra-abdominal lymph nodes', false);
insert into Appointments (id, AppointmentDateTime, PatientId, DoctorId, Notes, Cancelled) values (219, '2017-06-09 13:36:10', 23, 17, 'Nondisp fx of olecran pro w/o intartic extn r ulna, 7thJ', false);
insert into Appointments (id, AppointmentDateTime, PatientId, DoctorId, Notes, Cancelled) values (220, '2017-09-16 10:20:07', 8, 11, 'Displaced comminuted fx shaft of humerus, left arm, init', true);
insert into Appointments (id, AppointmentDateTime, PatientId, DoctorId, Notes, Cancelled) values (221, '2017-04-23 06:42:32', 83, 11, 'Nondisp suprcndl fx w intrcndl extn low end r femr, 7thD', true);
insert into Appointments (id, AppointmentDateTime, PatientId, DoctorId, Notes, Cancelled) values (222, '2017-12-05 22:57:41', 18, 1, 'Monteggia''s fx left ulna, subs for clos fx w delay heal', true);
insert into Appointments (id, AppointmentDateTime, PatientId, DoctorId, Notes, Cancelled) values (223, '2016-06-06 09:16:18', 49, 3, 'Blood alcohol level of 20-39 mg/100 ml', true);
insert into Appointments (id, AppointmentDateTime, PatientId, DoctorId, Notes, Cancelled) values (224, '2016-09-26 03:48:21', 49, 7, 'Strain musc/tend peroneal grp at low leg lev, unsp leg, init', true);
insert into Appointments (id, AppointmentDateTime, PatientId, DoctorId, Notes, Cancelled) values (225, '2016-05-12 20:57:30', 6, 6, 'Perforation of esophagus', true);
insert into Appointments (id, AppointmentDateTime, PatientId, DoctorId, Notes, Cancelled) values (226, '2016-09-17 18:18:18', 4, 18, 'Multiple defects of retina without detachment, right eye', false);
insert into Appointments (id, AppointmentDateTime, PatientId, DoctorId, Notes, Cancelled) values (227, '2016-09-03 20:09:06', 77, 17, 'Unsp car occupant injured in collision w car in traf, subs', false);
insert into Appointments (id, AppointmentDateTime, PatientId, DoctorId, Notes, Cancelled) values (228, '2016-08-14 09:45:14', 4, 16, 'Burn of 3rd deg mu sites of head, face, and neck', false);
insert into Appointments (id, AppointmentDateTime, PatientId, DoctorId, Notes, Cancelled) values (229, '2016-05-25 22:38:59', 26, 17, 'Unspecified fracture of third metacarpal bone, right hand', false);
insert into Appointments (id, AppointmentDateTime, PatientId, DoctorId, Notes, Cancelled) values (230, '2017-08-25 05:31:52', 77, 8, 'Fall into empty swimming pool, subsequent encounter', true);
insert into Appointments (id, AppointmentDateTime, PatientId, DoctorId, Notes, Cancelled) values (231, '2017-04-16 01:04:05', 85, 16, 'Strain of muscles and tendons at ank/ft level, l foot, init', false);
insert into Appointments (id, AppointmentDateTime, PatientId, DoctorId, Notes, Cancelled) values (232, '2016-02-26 09:58:46', 56, 11, 'Complete traumatic amp at level betw r hip and knee, init', false);
insert into Appointments (id, AppointmentDateTime, PatientId, DoctorId, Notes, Cancelled) values (233, '2017-07-29 12:26:15', 10, 20, 'Unsp fx navic bone of unsp wrist, subs for fx w routn heal', false);
insert into Appointments (id, AppointmentDateTime, PatientId, DoctorId, Notes, Cancelled) values (234, '2017-11-27 00:51:34', 68, 1, 'Partial placenta previa NOS or without hemor, second tri', true);
insert into Appointments (id, AppointmentDateTime, PatientId, DoctorId, Notes, Cancelled) values (235, '2017-09-22 15:42:45', 59, 12, 'Undrdose of pertussis vaccine, inc combin w pertuss, subs', false);
insert into Appointments (id, AppointmentDateTime, PatientId, DoctorId, Notes, Cancelled) values (236, '2016-03-14 11:17:00', 29, 11, 'Heat exhaustion due to salt depletion, subsequent encounter', false);
insert into Appointments (id, AppointmentDateTime, PatientId, DoctorId, Notes, Cancelled) values (237, '2016-02-04 08:29:26', 87, 1, 'Unsp fx unsp patella, subs for opn fx type 3A/B/C w malunion', false);
insert into Appointments (id, AppointmentDateTime, PatientId, DoctorId, Notes, Cancelled) values (238, '2016-05-09 21:10:12', 79, 17, 'Burn and corrosion of trunk', true);
insert into Appointments (id, AppointmentDateTime, PatientId, DoctorId, Notes, Cancelled) values (239, '2016-11-15 04:29:37', 24, 8, 'Fracture of lesser toe(s)', true);
insert into Appointments (id, AppointmentDateTime, PatientId, DoctorId, Notes, Cancelled) values (240, '2017-01-21 01:18:55', 8, 18, 'Esophageal obstruction', false);
insert into Appointments (id, AppointmentDateTime, PatientId, DoctorId, Notes, Cancelled) values (241, '2017-06-22 22:03:54', 58, 9, 'Asymptomatic premature menopause', false);
insert into Appointments (id, AppointmentDateTime, PatientId, DoctorId, Notes, Cancelled) values (242, '2017-10-22 01:20:29', 70, 11, 'Congenital vertical talus deformity, right foot', false);
insert into Appointments (id, AppointmentDateTime, PatientId, DoctorId, Notes, Cancelled) values (243, '2017-06-12 00:21:36', 69, 9, 'Nondisp fx of body of hamate bone, unsp wrist, init', true);
insert into Appointments (id, AppointmentDateTime, PatientId, DoctorId, Notes, Cancelled) values (244, '2017-05-15 07:57:59', 74, 17, 'Left upper quadrant abdominal swelling, mass and lump', true);
insert into Appointments (id, AppointmentDateTime, PatientId, DoctorId, Notes, Cancelled) values (245, '2017-01-16 01:22:19', 70, 18, 'Puncture wound with foreign body, right foot, subs encntr', false);
insert into Appointments (id, AppointmentDateTime, PatientId, DoctorId, Notes, Cancelled) values (246, '2017-01-16 23:02:01', 26, 12, 'Unspecified superficial injury of lower leg', false);
insert into Appointments (id, AppointmentDateTime, PatientId, DoctorId, Notes, Cancelled) values (247, '2016-06-20 21:35:23', 77, 20, 'Disp fx of neck of right radius, subs for clos fx w nonunion', false);
insert into Appointments (id, AppointmentDateTime, PatientId, DoctorId, Notes, Cancelled) values (248, '2016-10-30 20:57:01', 52, 15, 'Pathological fracture, right ulna, subs for fx w malunion', true);
insert into Appointments (id, AppointmentDateTime, PatientId, DoctorId, Notes, Cancelled) values (249, '2017-04-28 20:56:15', 40, 17, 'Displaced comminuted fx shaft of radius, left arm, sequela', true);
insert into Appointments (id, AppointmentDateTime, PatientId, DoctorId, Notes, Cancelled) values (250, '2016-05-05 09:21:34', 47, 10, 'Effects of other deprivation', true);



#Visits Insert

insert into Visits (id, Notes, AppointmentId, RoomNum, Temp, Pulse, BP) values (1, 'Open bite, unspecified hip, initial encounter', 1, 55, 101.9, 146, 103);
insert into Visits (id, Notes, AppointmentId, RoomNum, Temp, Pulse, BP) values (2, 'Oth fx upper end of unsp tibia, init for opn fx type I/2', 2, 19, 101.7, 111, 88);
insert into Visits (id, Notes, AppointmentId, RoomNum, Temp, Pulse, BP) values (3, 'Fistula, unspecified foot', 3, 15, 104.5, 120, 69);
insert into Visits (id, Notes, AppointmentId, RoomNum, Temp, Pulse, BP) values (4, 'Nondisplaced transverse fracture of unspecified patella', 4, 187, 104.1, 140, 187);
insert into Visits (id, Notes, AppointmentId, RoomNum, Temp, Pulse, BP) values (5, 'Jump/div into natrl body of water strk surfc cause oth inj', 5, 152, 104.1, 120, 165);
insert into Visits (id, Notes, AppointmentId, RoomNum, Temp, Pulse, BP) values (6, 'Unspecified physeal fracture of phalanx of right toe, 7thK', 6, 24, 101.7, 134, 120);
insert into Visits (id, Notes, AppointmentId, RoomNum, Temp, Pulse, BP) values (7, 'Malignant neoplasm of lateral wall of bladder', 7, 89, 100.0, 116, 119);
insert into Visits (id, Notes, AppointmentId, RoomNum, Temp, Pulse, BP) values (8, 'Corrosion of third degree of unspecified wrist', 8, 193, 103.3, 110, 103);
insert into Visits (id, Notes, AppointmentId, RoomNum, Temp, Pulse, BP) values (9, 'Paralytic calcifcn and ossification of muscle, left forearm', 9, 173, 101.5, 126, 73);
insert into Visits (id, Notes, AppointmentId, RoomNum, Temp, Pulse, BP) values (10, 'War operations involving oth dest arcrft, military personnel', 10, 41, 98.4, 143, 101);
insert into Visits (id, Notes, AppointmentId, RoomNum, Temp, Pulse, BP) values (11, 'Lacerat unsp musc/fasc/tend at wrs/hnd lv, unsp hand, sqla', 11, 164, 97.3, 142, 165);
insert into Visits (id, Notes, AppointmentId, RoomNum, Temp, Pulse, BP) values (12, 'Laceration without foreign body, left foot, init encntr', 12, 23, 97.9, 127, 155);
insert into Visits (id, Notes, AppointmentId, RoomNum, Temp, Pulse, BP) values (13, 'Oth fx shaft of r ulna, subs for opn fx type I/2 w malunion', 13, 179, 100.1, 96, 105);
insert into Visits (id, Notes, AppointmentId, RoomNum, Temp, Pulse, BP) values (14, 'Tinea corporis', 14, 22, 99.4, 131, 92);
insert into Visits (id, Notes, AppointmentId, RoomNum, Temp, Pulse, BP) values (15, 'Adverse effect of insulin and oral hypoglycemic drugs', 15, 172, 103.8, 159, 199);
insert into Visits (id, Notes, AppointmentId, RoomNum, Temp, Pulse, BP) values (16, 'Nondisp apophyseal fx unsp femr, subs for clos fx w nonunion', 16, 3, 101.8, 160, 101);
insert into Visits (id, Notes, AppointmentId, RoomNum, Temp, Pulse, BP) values (17, 'Toxic effect of venom of brown recluse spider, slf-hrm, init', 17, 68, 103.7, 101, 109);
insert into Visits (id, Notes, AppointmentId, RoomNum, Temp, Pulse, BP) values (18, 'Person outside hv veh inj in clsn w pedl cyc nontraf, init', 18, 9, 98.3, 122, 71);
insert into Visits (id, Notes, AppointmentId, RoomNum, Temp, Pulse, BP) values (19, 'Toxic effect of cadmium and its compounds, assault', 19, 117, 103.2, 139, 91);
insert into Visits (id, Notes, AppointmentId, RoomNum, Temp, Pulse, BP) values (20, 'Intentional self-harm by shotgun discharge', 20, 60, 97.2, 138, 105);
insert into Visits (id, Notes, AppointmentId, RoomNum, Temp, Pulse, BP) values (21, 'Nondisp pilon fx r tibia, 7thE', 21, 87, 104.4, 117, 79);
insert into Visits (id, Notes, AppointmentId, RoomNum, Temp, Pulse, BP) values (22, 'Displ transverse fx shaft of humer, l arm, 7thP', 22, 61, 101.1, 115, 180);
insert into Visits (id, Notes, AppointmentId, RoomNum, Temp, Pulse, BP) values (23, 'Other specified injury of left external jugular vein', 23, 101, 100.5, 100, 138);
insert into Visits (id, Notes, AppointmentId, RoomNum, Temp, Pulse, BP) values (24, 'Displ longitud fx unsp patella, 7thN', 24, 179, 103.8, 101, 186);
insert into Visits (id, Notes, AppointmentId, RoomNum, Temp, Pulse, BP) values (25, 'Other contact with mouse, subsequent encounter', 25, 199, 101.9, 121, 121);
insert into Visits (id, Notes, AppointmentId, RoomNum, Temp, Pulse, BP) values (26, 'Displ apophyseal fx unsp femr, 7thE', 26, 130, 97.6, 143, 169);
insert into Visits (id, Notes, AppointmentId, RoomNum, Temp, Pulse, BP) values (27, 'Monteggia''s fx r ulna, subs for opn fx type I/2 w delay heal', 27, 54, 100.0, 100, 193);
insert into Visits (id, Notes, AppointmentId, RoomNum, Temp, Pulse, BP) values (28, 'Prsn brd/alit pk-up/van injured in nonclsn trnsp accident', 28, 161, 104.5, 119, 97);
insert into Visits (id, Notes, AppointmentId, RoomNum, Temp, Pulse, BP) values (29, 'Poisoning by smallpox vaccines, accidental, sequela', 29, 143, 99.5, 61, 71);
insert into Visits (id, Notes, AppointmentId, RoomNum, Temp, Pulse, BP) values (30, 'Herpesviral ocular disease', 30, 16, 99.8, 65, 167);
insert into Visits (id, Notes, AppointmentId, RoomNum, Temp, Pulse, BP) values (31, 'Maternal care for (suspected) cnsl malform in fetus, unsp', 31, 167, 97.5, 68, 192);
insert into Visits (id, Notes, AppointmentId, RoomNum, Temp, Pulse, BP) values (32, 'Salter-Harris Type IV physeal fracture of upper end of tibia', 32, 57, 101.3, 107, 196);
insert into Visits (id, Notes, AppointmentId, RoomNum, Temp, Pulse, BP) values (33, 'Puncture wound w/o foreign body, right thigh, init encntr', 33, 143, 102.5, 121, 182);
insert into Visits (id, Notes, AppointmentId, RoomNum, Temp, Pulse, BP) values (34, 'Posterior subcapsular polar age-related cataract', 34, 186, 103.4, 124, 124);
insert into Visits (id, Notes, AppointmentId, RoomNum, Temp, Pulse, BP) values (35, 'Partial traumatic amp of two or more right lesser toes, init', 35, 129, 99.1, 149, 134);
insert into Visits (id, Notes, AppointmentId, RoomNum, Temp, Pulse, BP) values (36, 'Injury of optic nerve, left eye, initial encounter', 36, 155, 101.3, 78, 85);
insert into Visits (id, Notes, AppointmentId, RoomNum, Temp, Pulse, BP) values (37, 'Contusion of unspecified elbow', 37, 145, 98.2, 95, 92);
insert into Visits (id, Notes, AppointmentId, RoomNum, Temp, Pulse, BP) values (38, 'Disp fx of body of left talus, subs for fx w routn heal', 38, 42, 97.8, 96, 123);
insert into Visits (id, Notes, AppointmentId, RoomNum, Temp, Pulse, BP) values (39, 'Injury of celiac artery', 39, 153, 104.5, 133, 195);
insert into Visits (id, Notes, AppointmentId, RoomNum, Temp, Pulse, BP) values (40, 'Oth diabetes mellitus with other diabetic arthropathy', 40, 58, 102.6, 132, 122);
insert into Visits (id, Notes, AppointmentId, RoomNum, Temp, Pulse, BP) values (41, 'Disp fx of nk of 5th MC bone, r hand, subs for fx w nonunion', 41, 63, 97.6, 83, 115);
insert into Visits (id, Notes, AppointmentId, RoomNum, Temp, Pulse, BP) values (42, 'Displaced avulsion fracture of left ilium', 42, 151, 101.7, 160, 93);
insert into Visits (id, Notes, AppointmentId, RoomNum, Temp, Pulse, BP) values (43, 'Disp fx of body of hamate bone, left wrist, init for opn fx', 43, 28, 99.4, 120, 60);
insert into Visits (id, Notes, AppointmentId, RoomNum, Temp, Pulse, BP) values (44, 'Rheu arthritis of unsp site w involv of organs and systems', 44, 137, 100.9, 65, 152);
insert into Visits (id, Notes, AppointmentId, RoomNum, Temp, Pulse, BP) values (45, 'Contact blepharoconjunctivitis, unspecified eye', 45, 199, 103.2, 145, 66);
insert into Visits (id, Notes, AppointmentId, RoomNum, Temp, Pulse, BP) values (46, 'Muscle wasting and atrophy, NEC, shoulder', 46, 86, 104.8, 157, 87);
insert into Visits (id, Notes, AppointmentId, RoomNum, Temp, Pulse, BP) values (47, 'Benign endometrial hyperplasia', 47, 8, 100.6, 120, 195);
insert into Visits (id, Notes, AppointmentId, RoomNum, Temp, Pulse, BP) values (48, 'Nondisp fx of dist phalanx of r mid finger, init for opn fx', 48, 28, 102.2, 64, 194);
insert into Visits (id, Notes, AppointmentId, RoomNum, Temp, Pulse, BP) values (49, 'Other infective bursitis, unspecified elbow', 49, 145, 99.8, 156, 173);
insert into Visits (id, Notes, AppointmentId, RoomNum, Temp, Pulse, BP) values (50, 'Passenger of special industr vehicle injured in traf, init', 50, 191, 104.6, 132, 167);
insert into Visits (id, Notes, AppointmentId, RoomNum, Temp, Pulse, BP) values (51, 'Nondisp transverse fx shaft of l ulna, 7thF', 51, 157, 102.1, 103, 184);
insert into Visits (id, Notes, AppointmentId, RoomNum, Temp, Pulse, BP) values (52, 'Sprain of unspecified collateral ligament of left knee', 52, 23, 103.1, 70, 187);
insert into Visits (id, Notes, AppointmentId, RoomNum, Temp, Pulse, BP) values (53, 'Nonspecific lymphadenitis, unspecified', 53, 196, 97.3, 113, 182);
insert into Visits (id, Notes, AppointmentId, RoomNum, Temp, Pulse, BP) values (54, 'Dislocation of C4/C5 cervical vertebrae, subs encntr', 54, 127, 97.8, 136, 161);
insert into Visits (id, Notes, AppointmentId, RoomNum, Temp, Pulse, BP) values (55, 'Wedge comprsn fx fifth lum vert, subs for fx w routn heal', 55, 180, 98.3, 107, 195);
insert into Visits (id, Notes, AppointmentId, RoomNum, Temp, Pulse, BP) values (56, 'Burn of second degree of left thigh, initial encounter', 56, 9, 99.5, 67, 72);
insert into Visits (id, Notes, AppointmentId, RoomNum, Temp, Pulse, BP) values (57, 'Injury of colon', 57, 194, 102.9, 83, 173);
insert into Visits (id, Notes, AppointmentId, RoomNum, Temp, Pulse, BP) values (58, 'Sezary disease, spleen', 58, 186, 98.9, 137, 153);
insert into Visits (id, Notes, AppointmentId, RoomNum, Temp, Pulse, BP) values (59, '2-part nondisp fx of surg nk of unsp humer, 7thG', 59, 112, 100.5, 110, 72);
insert into Visits (id, Notes, AppointmentId, RoomNum, Temp, Pulse, BP) values (60, 'Pnctr of abd wall w fb, r low q w/o penet perit cav, init', 60, 50, 99.9, 95, 169);
insert into Visits (id, Notes, AppointmentId, RoomNum, Temp, Pulse, BP) values (61, 'Unsp injury of extensor musc/fasc/tend finger at wrs/hnd lv', 61, 25, 104.9, 87, 171);
insert into Visits (id, Notes, AppointmentId, RoomNum, Temp, Pulse, BP) values (62, 'Sltr-haris Type IV physl fx upr end l tibia, 7thP', 62, 92, 99.2, 65, 87);
insert into Visits (id, Notes, AppointmentId, RoomNum, Temp, Pulse, BP) values (63, 'Complete traumatic amp at elbow level, left arm, sequela', 63, 59, 97.3, 147, 137);
insert into Visits (id, Notes, AppointmentId, RoomNum, Temp, Pulse, BP) values (64, 'Pnctr w/o fb of l little finger w/o damage to nail, subs', 64, 5, 101.6, 137, 95);
insert into Visits (id, Notes, AppointmentId, RoomNum, Temp, Pulse, BP) values (65, 'Pnctr w/o fb of l frnt wl of thorax w/o penet thor cav, subs', 65, 28, 98.6, 67, 72);
insert into Visits (id, Notes, AppointmentId, RoomNum, Temp, Pulse, BP) values (66, 'Displ commnt fx shaft of ulna, r arm, 7thQ', 66, 103, 100.5, 122, 156);
insert into Visits (id, Notes, AppointmentId, RoomNum, Temp, Pulse, BP) values (67, 'Burn of first deg mult sites of head, face, and neck, subs', 67, 38, 102.6, 138, 110);
insert into Visits (id, Notes, AppointmentId, RoomNum, Temp, Pulse, BP) values (68, 'Other and unspecified abnormal findings in urine', 68, 14, 101.4, 148, 175);
insert into Visits (id, Notes, AppointmentId, RoomNum, Temp, Pulse, BP) values (69, 'Sprain of sacroiliac joint, initial encounter', 69, 50, 96.3, 153, 193);
insert into Visits (id, Notes, AppointmentId, RoomNum, Temp, Pulse, BP) values (70, 'Metabolic disorder following incomplete spontaneous abortion', 70, 17, 102.5, 81, 162);
insert into Visits (id, Notes, AppointmentId, RoomNum, Temp, Pulse, BP) values (71, 'Legal intervnt w injury by explosv shell, suspect injured', 71, 64, 99.3, 115, 100);
insert into Visits (id, Notes, AppointmentId, RoomNum, Temp, Pulse, BP) values (72, 'Contusion of anus, subsequent encounter', 72, 194, 101.3, 74, 148);
insert into Visits (id, Notes, AppointmentId, RoomNum, Temp, Pulse, BP) values (73, 'Athscl autol vein bypass of the left leg w ulcer of thigh', 73, 81, 103.7, 126, 73);
insert into Visits (id, Notes, AppointmentId, RoomNum, Temp, Pulse, BP) values (74, 'Unsp contact dermatitis due to food in contact with skin', 74, 110, 97.2, 73, 80);
insert into Visits (id, Notes, AppointmentId, RoomNum, Temp, Pulse, BP) values (75, 'Juvenile osteochondrosis of hip and pelvis, unspecified', 75, 98, 101.4, 140, 79);
insert into Visits (id, Notes, AppointmentId, RoomNum, Temp, Pulse, BP) values (76, 'Subluxation of unsp interphaln joint of unsp finger, init', 76, 176, 100.7, 158, 134);
insert into Visits (id, Notes, AppointmentId, RoomNum, Temp, Pulse, BP) values (77, 'Passenger in hv veh injured in clsn w pedl cyc in traf, subs', 77, 125, 97.0, 137, 171);
insert into Visits (id, Notes, AppointmentId, RoomNum, Temp, Pulse, BP) values (78, 'Blister (nonthermal) of unspecified thumb, sequela', 78, 21, 101.9, 110, 107);
insert into Visits (id, Notes, AppointmentId, RoomNum, Temp, Pulse, BP) values (79, 'Nondisp fx of lateral condyle of right humerus, sequela', 79, 186, 100.1, 83, 103);
insert into Visits (id, Notes, AppointmentId, RoomNum, Temp, Pulse, BP) values (80, 'Unsp open wound of r mid finger w/o damage to nail, init', 80, 92, 97.1, 104, 159);
insert into Visits (id, Notes, AppointmentId, RoomNum, Temp, Pulse, BP) values (81, 'Milt op involving flamethrower, civilian, sequela', 81, 139, 99.9, 97, 152);
insert into Visits (id, Notes, AppointmentId, RoomNum, Temp, Pulse, BP) values (82, 'Insect bite (nonvenomous) of left elbow', 82, 110, 98.8, 147, 99);
insert into Visits (id, Notes, AppointmentId, RoomNum, Temp, Pulse, BP) values (83, 'Toxic effect of chloroform, assault, initial encounter', 83, 55, 104.1, 84, 138);
insert into Visits (id, Notes, AppointmentId, RoomNum, Temp, Pulse, BP) values (84, 'Acute paralytic poliomyelitis, wild virus, imported', 84, 80, 98.1, 111, 141);
insert into Visits (id, Notes, AppointmentId, RoomNum, Temp, Pulse, BP) values (85, 'Displ spiral fx shaft of unsp tibia, 7thP', 85, 173, 99.3, 103, 84);
insert into Visits (id, Notes, AppointmentId, RoomNum, Temp, Pulse, BP) values (86, 'Contact with unspecified machinery, subsequent encounter', 86, 179, 96.1, 107, 86);
insert into Visits (id, Notes, AppointmentId, RoomNum, Temp, Pulse, BP) values (87, 'Obsessive-compulsive disorder', 87, 6, 97.6, 79, 194);
insert into Visits (id, Notes, AppointmentId, RoomNum, Temp, Pulse, BP) values (88, 'Strain of flexor musc/fasc/tend r rng fngr at wrs/hnd lv', 88, 190, 99.8, 98, 105);
insert into Visits (id, Notes, AppointmentId, RoomNum, Temp, Pulse, BP) values (89, 'Oth fx upper end unsp radius, subs for clos fx w routn heal', 89, 71, 103.4, 158, 97);
insert into Visits (id, Notes, AppointmentId, RoomNum, Temp, Pulse, BP) values (90, 'Ice skating rink (indoor) (outdoor) as place', 90, 68, 98.1, 117, 124);
insert into Visits (id, Notes, AppointmentId, RoomNum, Temp, Pulse, BP) values (91, 'Lacerat extn musc/fasc/tend l rng fngr at forarm lv, subs', 91, 20, 100.6, 62, 73);
insert into Visits (id, Notes, AppointmentId, RoomNum, Temp, Pulse, BP) values (92, 'Corrosion of first degree of unspecified foot, sequela', 92, 5, 97.5, 75, 173);
insert into Visits (id, Notes, AppointmentId, RoomNum, Temp, Pulse, BP) values (93, 'Poisoning by penicillins, accidental (unintentional)', 93, 159, 100.1, 112, 88);
insert into Visits (id, Notes, AppointmentId, RoomNum, Temp, Pulse, BP) values (94, 'Congenital absence of left hand and finger', 94, 146, 99.5, 145, 199);
insert into Visits (id, Notes, AppointmentId, RoomNum, Temp, Pulse, BP) values (95, 'Oth types of non-Hodgkin lymphoma, unspecified site', 95, 113, 104.3, 126, 90);
insert into Visits (id, Notes, AppointmentId, RoomNum, Temp, Pulse, BP) values (96, 'Other forms of chromomycosis', 96, 134, 96.1, 130, 190);
insert into Visits (id, Notes, AppointmentId, RoomNum, Temp, Pulse, BP) values (97, 'Displaced avulsion fx left ischium, subs for fx w nonunion', 97, 135, 100.1, 64, 81);
insert into Visits (id, Notes, AppointmentId, RoomNum, Temp, Pulse, BP) values (98, 'Strain of musc/tend peroneal grp at low leg level, left leg', 98, 135, 97.6, 112, 84);
insert into Visits (id, Notes, AppointmentId, RoomNum, Temp, Pulse, BP) values (99, 'Contact with grain storage elevator, sequela', 99, 166, 99.3, 152, 79);
insert into Visits (id, Notes, AppointmentId, RoomNum, Temp, Pulse, BP) values (100, 'Symptomatic neurosyphilis, unspecified', 100, 165, 97.6, 113, 124);
insert into Visits (id, Notes, AppointmentId, RoomNum, Temp, Pulse, BP) values (101, 'Injury of deep peroneal nrv at ank/ft level, unsp leg, init', 101, 192, 98.5, 147, 187);
insert into Visits (id, Notes, AppointmentId, RoomNum, Temp, Pulse, BP) values (102, 'Occup of 3-whl mv injured in clsn w hv veh in traf, subs', 102, 112, 103.6, 86, 98);
insert into Visits (id, Notes, AppointmentId, RoomNum, Temp, Pulse, BP) values (103, 'Corrosion of third degree of back of right hand', 103, 101, 101.5, 138, 126);
insert into Visits (id, Notes, AppointmentId, RoomNum, Temp, Pulse, BP) values (104, 'Unsp open wound of abd wall, periumb rgn w penet perit cav', 104, 154, 96.1, 141, 163);
insert into Visits (id, Notes, AppointmentId, RoomNum, Temp, Pulse, BP) values (105, 'Crushing injury of elbow and forearm', 105, 44, 97.2, 89, 196);
insert into Visits (id, Notes, AppointmentId, RoomNum, Temp, Pulse, BP) values (106, 'Other specified intestinal helminthiases', 106, 48, 98.7, 82, 169);
insert into Visits (id, Notes, AppointmentId, RoomNum, Temp, Pulse, BP) values (107, 'Corrosion of third degree of right hand, unsp site, init', 107, 86, 104.1, 148, 198);
insert into Visits (id, Notes, AppointmentId, RoomNum, Temp, Pulse, BP) values (108, 'Legal intervnt w injury by explosv shell, bystand inj, subs', 108, 165, 96.5, 74, 173);
insert into Visits (id, Notes, AppointmentId, RoomNum, Temp, Pulse, BP) values (109, 'Neoplasm of uncertain behavior of left kidney', 109, 69, 96.1, 140, 130);
insert into Visits (id, Notes, AppointmentId, RoomNum, Temp, Pulse, BP) values (110, 'Other measles complications', 110, 34, 101.8, 151, 158);
insert into Visits (id, Notes, AppointmentId, RoomNum, Temp, Pulse, BP) values (111, 'Acquired deformities of toe(s), unsp, unspecified foot', 111, 21, 104.3, 147, 75);
insert into Visits (id, Notes, AppointmentId, RoomNum, Temp, Pulse, BP) values (112, 'Herniation of continent stoma of urinary tract', 112, 79, 96.8, 144, 166);
insert into Visits (id, Notes, AppointmentId, RoomNum, Temp, Pulse, BP) values (113, 'War op w explosn of sea-based artlry shell, civ, sequela', 113, 127, 104.7, 157, 126);
insert into Visits (id, Notes, AppointmentId, RoomNum, Temp, Pulse, BP) values (114, 'Pathological fracture in oth disease, right ulna, init', 114, 162, 100.5, 106, 119);
insert into Visits (id, Notes, AppointmentId, RoomNum, Temp, Pulse, BP) values (115, 'Legal intervention involving baton, bystander injured, subs', 115, 17, 103.9, 125, 111);
insert into Visits (id, Notes, AppointmentId, RoomNum, Temp, Pulse, BP) values (116, 'External constriction of right wrist', 116, 146, 104.2, 100, 145);
insert into Visits (id, Notes, AppointmentId, RoomNum, Temp, Pulse, BP) values (117, 'Nondisp fx of neck of oth metacarpal bone, init for clos fx', 117, 124, 102.3, 75, 179);
insert into Visits (id, Notes, AppointmentId, RoomNum, Temp, Pulse, BP) values (118, 'Blister of unsp eyelid and periocular area, subs', 118, 143, 104.4, 108, 175);
insert into Visits (id, Notes, AppointmentId, RoomNum, Temp, Pulse, BP) values (119, 'Maternal care for excess fetal growth, unsp trimester, oth', 119, 162, 97.8, 123, 97);
insert into Visits (id, Notes, AppointmentId, RoomNum, Temp, Pulse, BP) values (120, 'Unsp inj unsp blood vess at ank/ft level, unsp leg, sequela', 120, 52, 100.9, 70, 121);
insert into Visits (id, Notes, AppointmentId, RoomNum, Temp, Pulse, BP) values (121, 'Penetrating wound of orbit w or w/o foreign body, left eye', 121, 30, 99.1, 100, 103);
insert into Visits (id, Notes, AppointmentId, RoomNum, Temp, Pulse, BP) values (122, 'Person outsd hv veh inj in clsn w rail trn/veh in traf, sqla', 122, 159, 101.3, 89, 196);
insert into Visits (id, Notes, AppointmentId, RoomNum, Temp, Pulse, BP) values (123, 'Unsp open wound of oth finger w damage to nail, init encntr', 123, 122, 96.7, 87, 171);
insert into Visits (id, Notes, AppointmentId, RoomNum, Temp, Pulse, BP) values (124, 'Oth fx of low end l rad, 7thR', 124, 53, 102.6, 105, 137);
insert into Visits (id, Notes, AppointmentId, RoomNum, Temp, Pulse, BP) values (125, 'Unsp comp of fb acc left in body following remov cath/pack', 125, 111, 98.5, 130, 98);
insert into Visits (id, Notes, AppointmentId, RoomNum, Temp, Pulse, BP) values (126, 'Drug/chem diab with prolif diab rtnop w/o mclr edema, r eye', 126, 94, 96.1, 136, 149);
insert into Visits (id, Notes, AppointmentId, RoomNum, Temp, Pulse, BP) values (127, 'Chondromalacia, right ankle and joints of right foot', 127, 96, 96.2, 65, 179);
insert into Visits (id, Notes, AppointmentId, RoomNum, Temp, Pulse, BP) values (128, 'Displaced dome fracture of right talus, sequela', 128, 155, 102.7, 123, 142);
insert into Visits (id, Notes, AppointmentId, RoomNum, Temp, Pulse, BP) values (129, 'Unsp inj unsp musc/fasc/tend at thi lev, right thigh, init', 129, 57, 103.3, 113, 160);
insert into Visits (id, Notes, AppointmentId, RoomNum, Temp, Pulse, BP) values (130, 'Nondisp fx of lateral condyle of l tibia, 7thR', 130, 112, 101.4, 101, 128);
insert into Visits (id, Notes, AppointmentId, RoomNum, Temp, Pulse, BP) values (131, 'Ancylostomiasis', 131, 32, 102.2, 148, 157);
insert into Visits (id, Notes, AppointmentId, RoomNum, Temp, Pulse, BP) values (132, 'Sltr-haris Type I physeal fracture of upper end of humerus', 132, 172, 104.0, 129, 70);
insert into Visits (id, Notes, AppointmentId, RoomNum, Temp, Pulse, BP) values (133, 'Oth malignant neoplasm skin/ right eyelid, including canthus', 133, 59, 104.2, 134, 105);
insert into Visits (id, Notes, AppointmentId, RoomNum, Temp, Pulse, BP) values (134, 'Mesothelioma, unspecified', 134, 77, 104.7, 143, 82);
insert into Visits (id, Notes, AppointmentId, RoomNum, Temp, Pulse, BP) values (135, 'Lac w fb of right lesser toe(s) w/o damage to nail, subs', 135, 180, 101.0, 92, 140);
insert into Visits (id, Notes, AppointmentId, RoomNum, Temp, Pulse, BP) values (136, 'Adverse effect of iminostilbenes, subsequent encounter', 136, 184, 101.0, 64, 107);
insert into Visits (id, Notes, AppointmentId, RoomNum, Temp, Pulse, BP) values (137, 'Crushing injury of shoulder and upper arm, unspecified arm', 137, 193, 96.3, 158, 190);
insert into Visits (id, Notes, AppointmentId, RoomNum, Temp, Pulse, BP) values (138, 'Poisoning by unsp topical agent, accidental, subs', 138, 150, 99.3, 149, 108);
insert into Visits (id, Notes, AppointmentId, RoomNum, Temp, Pulse, BP) values (139, 'Corrosion of second degree back of unspecified hand', 139, 163, 97.4, 107, 166);
insert into Visits (id, Notes, AppointmentId, RoomNum, Temp, Pulse, BP) values (140, 'Other bursitis of hip, left hip', 140, 96, 102.6, 122, 95);
insert into Visits (id, Notes, AppointmentId, RoomNum, Temp, Pulse, BP) values (141, 'Unspecified subluxation of unspecified hip, subs encntr', 141, 179, 96.2, 70, 150);
insert into Visits (id, Notes, AppointmentId, RoomNum, Temp, Pulse, BP) values (142, 'Nondisp fx of body of r calcaneus, subs for fx w nonunion', 142, 10, 96.5, 98, 79);
insert into Visits (id, Notes, AppointmentId, RoomNum, Temp, Pulse, BP) values (143, 'Nondisp oblique fx shaft of l ulna, 7thN', 143, 134, 98.2, 81, 106);
insert into Visits (id, Notes, AppointmentId, RoomNum, Temp, Pulse, BP) values (144, 'Blister (nonthermal) of left front wall of thorax, sequela', 144, 104, 101.9, 115, 161);
insert into Visits (id, Notes, AppointmentId, RoomNum, Temp, Pulse, BP) values (145, 'Maternal care for hydrops fetalis, unsp trimester, oth fetus', 145, 5, 101.7, 132, 120);
insert into Visits (id, Notes, AppointmentId, RoomNum, Temp, Pulse, BP) values (146, 'Oth cnsl complications of anesthesia during pregnancy', 146, 25, 99.9, 101, 132);
insert into Visits (id, Notes, AppointmentId, RoomNum, Temp, Pulse, BP) values (147, 'Corrosions of left ear drum, initial encounter', 147, 71, 96.2, 93, 193);
insert into Visits (id, Notes, AppointmentId, RoomNum, Temp, Pulse, BP) values (148, 'War op involving firearm discharge and oth conventl warfare', 148, 132, 104.1, 67, 150);
insert into Visits (id, Notes, AppointmentId, RoomNum, Temp, Pulse, BP) values (149, 'Hydroxyapatite deposition disease, right hand', 149, 186, 96.2, 82, 172);
insert into Visits (id, Notes, AppointmentId, RoomNum, Temp, Pulse, BP) values (150, 'Drowning and submersion due to accident to watercraft', 150, 37, 101.7, 76, 99);
insert into Visits (id, Notes, AppointmentId, RoomNum, Temp, Pulse, BP) values (151, 'Dislocation of radiocarpal joint of left wrist, init encntr', 151, 175, 104.7, 101, 65);
insert into Visits (id, Notes, AppointmentId, RoomNum, Temp, Pulse, BP) values (152, 'Posterior tibial tendinitis', 152, 163, 98.7, 81, 146);
insert into Visits (id, Notes, AppointmentId, RoomNum, Temp, Pulse, BP) values (153, 'Lac w fb of unsp external genital organs, female, subs', 153, 97, 98.2, 99, 153);
insert into Visits (id, Notes, AppointmentId, RoomNum, Temp, Pulse, BP) values (154, 'Villonodular synovitis (pigmented), left hand', 154, 109, 97.6, 67, 138);
insert into Visits (id, Notes, AppointmentId, RoomNum, Temp, Pulse, BP) values (155, 'Nondisp oblique fx shaft of l tibia, 7thK', 155, 10, 100.4, 116, 66);
insert into Visits (id, Notes, AppointmentId, RoomNum, Temp, Pulse, BP) values (156, 'Other secondary gout, wrist', 156, 57, 102.6, 142, 107);
insert into Visits (id, Notes, AppointmentId, RoomNum, Temp, Pulse, BP) values (157, 'Gonococcal infection of eye', 157, 196, 97.2, 83, 178);
insert into Visits (id, Notes, AppointmentId, RoomNum, Temp, Pulse, BP) values (158, 'Passenger in 3-whl mv injured in collision w oth mv nontraf', 158, 165, 102.5, 99, 155);
insert into Visits (id, Notes, AppointmentId, RoomNum, Temp, Pulse, BP) values (159, 'Oth spondylosis w myelopathy, occipito-atlanto-axial region', 159, 59, 104.8, 94, 148);
insert into Visits (id, Notes, AppointmentId, RoomNum, Temp, Pulse, BP) values (160, 'Displaced fracture of right tibial spine', 160, 35, 99.2, 70, 167);
insert into Visits (id, Notes, AppointmentId, RoomNum, Temp, Pulse, BP) values (161, 'Fracture of upper end of ulna', 161, 114, 101.5, 90, 60);
insert into Visits (id, Notes, AppointmentId, RoomNum, Temp, Pulse, BP) values (162, 'Disorders of muscle in diseases classd elswhr, ank/ft', 162, 185, 98.0, 61, 155);
insert into Visits (id, Notes, AppointmentId, RoomNum, Temp, Pulse, BP) values (163, 'Vascular disorders of intestine', 163, 179, 100.0, 124, 123);
insert into Visits (id, Notes, AppointmentId, RoomNum, Temp, Pulse, BP) values (164, 'Ascariasis with other complications', 164, 91, 97.1, 91, 141);
insert into Visits (id, Notes, AppointmentId, RoomNum, Temp, Pulse, BP) values (165, 'Displaced lateral mass fx first cervcal vertebra, init', 165, 30, 99.4, 63, 113);
insert into Visits (id, Notes, AppointmentId, RoomNum, Temp, Pulse, BP) values (166, 'Ankylosing spondylitis of unspecified sites in spine', 166, 84, 103.0, 137, 118);
insert into Visits (id, Notes, AppointmentId, RoomNum, Temp, Pulse, BP) values (167, 'Acute vulvitis', 167, 22, 97.6, 75, 82);
insert into Visits (id, Notes, AppointmentId, RoomNum, Temp, Pulse, BP) values (168, 'Other injury of fallopian tube, unspecified, init encntr', 168, 29, 101.5, 64, 146);
insert into Visits (id, Notes, AppointmentId, RoomNum, Temp, Pulse, BP) values (169, 'Nondisp Rolando''s fracture, l hand, subs for fx w routn heal', 169, 141, 96.9, 106, 62);
insert into Visits (id, Notes, AppointmentId, RoomNum, Temp, Pulse, BP) values (170, 'Other spotted fevers', 170, 97, 96.9, 124, 196);
insert into Visits (id, Notes, AppointmentId, RoomNum, Temp, Pulse, BP) values (171, 'Chorioamnionitis, first trimester, fetus 5', 171, 169, 97.9, 142, 126);
insert into Visits (id, Notes, AppointmentId, RoomNum, Temp, Pulse, BP) values (172, 'Non-prs chronic ulcer oth prt right foot w fat layer exposed', 172, 41, 98.9, 144, 189);
insert into Visits (id, Notes, AppointmentId, RoomNum, Temp, Pulse, BP) values (173, 'Inj unsp musc/fasc/tend at shldr/up arm, right arm, init', 173, 10, 98.5, 147, 61);
insert into Visits (id, Notes, AppointmentId, RoomNum, Temp, Pulse, BP) values (174, 'Open bite of unspecified forearm, subsequent encounter', 174, 154, 103.5, 141, 106);
insert into Visits (id, Notes, AppointmentId, RoomNum, Temp, Pulse, BP) values (175, 'Occupant of streetcar injured in unsp traf, sequela', 175, 131, 100.5, 133, 125);
insert into Visits (id, Notes, AppointmentId, RoomNum, Temp, Pulse, BP) values (176, 'Driver of bus injured in collision w 2/3-whl mv nontraf', 176, 187, 97.7, 115, 114);
insert into Visits (id, Notes, AppointmentId, RoomNum, Temp, Pulse, BP) values (177, 'Oth fracture of first metacarpal bone, left hand, init', 177, 8, 96.2, 96, 150);
insert into Visits (id, Notes, AppointmentId, RoomNum, Temp, Pulse, BP) values (178, 'Major laceration of femoral artery, unsp leg, subs encntr', 178, 133, 96.8, 119, 92);
insert into Visits (id, Notes, AppointmentId, RoomNum, Temp, Pulse, BP) values (179, 'Neoplasm of uncrt behavior of oral cavity and dgstv organs', 179, 82, 100.6, 62, 65);
insert into Visits (id, Notes, AppointmentId, RoomNum, Temp, Pulse, BP) values (180, 'Laceration of blood vessel of left little finger', 180, 42, 101.7, 98, 69);
insert into Visits (id, Notes, AppointmentId, RoomNum, Temp, Pulse, BP) values (181, 'Blister (nonthermal) of left elbow', 181, 149, 98.9, 133, 84);
insert into Visits (id, Notes, AppointmentId, RoomNum, Temp, Pulse, BP) values (182, 'Unsp B-cell lymphoma, extranodal and solid organ sites', 182, 73, 100.0, 154, 69);
insert into Visits (id, Notes, AppointmentId, RoomNum, Temp, Pulse, BP) values (183, 'Disp fx of pisiform, left wrist, init for clos fx', 183, 67, 103.3, 132, 97);
insert into Visits (id, Notes, AppointmentId, RoomNum, Temp, Pulse, BP) values (184, 'Exposure to other noise, initial encounter', 184, 168, 103.5, 99, 94);
insert into Visits (id, Notes, AppointmentId, RoomNum, Temp, Pulse, BP) values (185, 'Traum rupt of unsp ligmt of l mid finger at MCP/IP jt, subs', 185, 194, 99.4, 83, 108);
insert into Visits (id, Notes, AppointmentId, RoomNum, Temp, Pulse, BP) values (186, 'Struck by goose', 186, 198, 97.4, 142, 192);
insert into Visits (id, Notes, AppointmentId, RoomNum, Temp, Pulse, BP) values (187, 'Obst due to fb acc left in body fol kidney dialysis, subs', 187, 43, 100.6, 123, 145);
insert into Visits (id, Notes, AppointmentId, RoomNum, Temp, Pulse, BP) values (188, 'Corrosion of 2nd deg mul sites of ankle and foot', 188, 63, 100.4, 155, 83);
insert into Visits (id, Notes, AppointmentId, RoomNum, Temp, Pulse, BP) values (189, 'Stenosis of lacrimal sac', 189, 176, 97.3, 80, 92);
insert into Visits (id, Notes, AppointmentId, RoomNum, Temp, Pulse, BP) values (190, 'Stress fracture, left toe(s), sequela', 190, 125, 98.2, 104, 178);
insert into Visits (id, Notes, AppointmentId, RoomNum, Temp, Pulse, BP) values (191, 'Sltr-haris Type I physl fx lower end humer, unsp arm, sqla', 191, 128, 97.0, 160, 61);
insert into Visits (id, Notes, AppointmentId, RoomNum, Temp, Pulse, BP) values (192, 'Legal intervnt involving manhandling, suspect injured, subs', 192, 25, 103.2, 101, 129);
insert into Visits (id, Notes, AppointmentId, RoomNum, Temp, Pulse, BP) values (193, 'Developmental disorders of jaws', 193, 190, 98.1, 142, 156);
insert into Visits (id, Notes, AppointmentId, RoomNum, Temp, Pulse, BP) values (194, 'Disp fx of epiphy (separation) (upper) of unsp femr, 7thK', 194, 101, 101.2, 93, 135);
insert into Visits (id, Notes, AppointmentId, RoomNum, Temp, Pulse, BP) values (195, 'Injury of ovary', 195, 93, 101.5, 141, 133);
insert into Visits (id, Notes, AppointmentId, RoomNum, Temp, Pulse, BP) values (196, 'Poisoning by antivaric drugs, inc scler agents, undet, subs', 196, 198, 97.5, 78, 73);
insert into Visits (id, Notes, AppointmentId, RoomNum, Temp, Pulse, BP) values (197, 'Oth physl fx low end rad, left arm, subs for fx w routn heal', 197, 11, 102.6, 156, 60);
insert into Visits (id, Notes, AppointmentId, RoomNum, Temp, Pulse, BP) values (198, 'Strain of musc/fasc/tend at forearm level, left arm, sequela', 198, 185, 97.0, 135, 182);
insert into Visits (id, Notes, AppointmentId, RoomNum, Temp, Pulse, BP) values (199, 'Unsp injury of unsp wrist, hand and finger(s), sequela', 199, 142, 102.5, 72, 144);
insert into Visits (id, Notes, AppointmentId, RoomNum, Temp, Pulse, BP) values (200, 'Open bite, left hip, sequela', 200, 48, 96.7, 81, 138);
insert into Visits (id, Notes, AppointmentId, RoomNum, Temp, Pulse, BP) values (201, 'Nondisp fx of greater tuberosity of unsp humerus, sequela', 201, 72, 99.8, 132, 98);
insert into Visits (id, Notes, AppointmentId, RoomNum, Temp, Pulse, BP) values (202, 'Corrosion of second degree of left forearm, sequela', 202, 10, 104.7, 71, 186);
insert into Visits (id, Notes, AppointmentId, RoomNum, Temp, Pulse, BP) values (203, 'Advrs effect of unsp sys anti-infect and antiparasitic, subs', 203, 21, 104.6, 135, 125);
insert into Visits (id, Notes, AppointmentId, RoomNum, Temp, Pulse, BP) values (204, 'Basal cell carcinoma skin/ left eyelid, including canthus', 204, 68, 97.2, 107, 184);
insert into Visits (id, Notes, AppointmentId, RoomNum, Temp, Pulse, BP) values (205, 'Abrasion, right ankle, subsequent encounter', 205, 84, 104.0, 100, 140);
insert into Visits (id, Notes, AppointmentId, RoomNum, Temp, Pulse, BP) values (206, 'Other disturbances of oral epithelium, including tongue', 206, 76, 104.4, 86, 112);
insert into Visits (id, Notes, AppointmentId, RoomNum, Temp, Pulse, BP) values (207, 'Fracture of symphysis of mandible, init for clos fx', 207, 196, 101.5, 66, 87);
insert into Visits (id, Notes, AppointmentId, RoomNum, Temp, Pulse, BP) values (208, 'Toxic effect of unsp snake venom, assault, init encntr', 208, 143, 101.4, 141, 161);
insert into Visits (id, Notes, AppointmentId, RoomNum, Temp, Pulse, BP) values (209, 'Other mastoiditis and related conditions', 209, 198, 99.2, 106, 109);
insert into Visits (id, Notes, AppointmentId, RoomNum, Temp, Pulse, BP) values (210, 'Fx unsp part of l clavicle, subs for fx w delay heal', 210, 182, 104.1, 113, 99);
insert into Visits (id, Notes, AppointmentId, RoomNum, Temp, Pulse, BP) values (211, 'Toxic effect of latex, undetermined', 211, 35, 100.5, 81, 100);
insert into Visits (id, Notes, AppointmentId, RoomNum, Temp, Pulse, BP) values (212, 'Burns involving 70-79% of body surface', 212, 105, 102.2, 111, 142);
insert into Visits (id, Notes, AppointmentId, RoomNum, Temp, Pulse, BP) values (213, 'Unsp fx upr end r rad, 7thJ', 213, 110, 100.4, 119, 180);
insert into Visits (id, Notes, AppointmentId, RoomNum, Temp, Pulse, BP) values (214, 'Bent bone of r radius, subs for opn fx type I/2 w malunion', 214, 132, 103.0, 137, 195);
insert into Visits (id, Notes, AppointmentId, RoomNum, Temp, Pulse, BP) values (215, 'Toxic effect of paints and dyes, NEC, self-harm, subs', 215, 98, 96.7, 156, 67);
insert into Visits (id, Notes, AppointmentId, RoomNum, Temp, Pulse, BP) values (216, 'Osteonecrosis due to drugs, unspecified finger(s)', 216, 157, 96.5, 107, 118);
insert into Visits (id, Notes, AppointmentId, RoomNum, Temp, Pulse, BP) values (217, 'Mumps nephritis', 217, 100, 100.5, 92, 95);
insert into Visits (id, Notes, AppointmentId, RoomNum, Temp, Pulse, BP) values (218, 'Unsp place in oth non-institutional residence as place', 218, 109, 104.1, 99, 182);
insert into Visits (id, Notes, AppointmentId, RoomNum, Temp, Pulse, BP) values (219, 'Leukemia of unspecified cell type', 219, 43, 100.4, 153, 128);
insert into Visits (id, Notes, AppointmentId, RoomNum, Temp, Pulse, BP) values (220, 'Fracture of body of hamate [unciform] bone', 220, 48, 100.6, 153, 92);
insert into Visits (id, Notes, AppointmentId, RoomNum, Temp, Pulse, BP) values (221, 'Traumatic rupture of volar plate of r idx fngr at MCP/IP jt', 221, 86, 98.4, 77, 180);
insert into Visits (id, Notes, AppointmentId, RoomNum, Temp, Pulse, BP) values (222, 'Spinal enthesopathy, cervicothoracic region', 222, 134, 97.7, 117, 110);
insert into Visits (id, Notes, AppointmentId, RoomNum, Temp, Pulse, BP) values (223, 'Nondisp fx of base of nk of l femr, 7thP', 223, 172, 103.7, 106, 108);
insert into Visits (id, Notes, AppointmentId, RoomNum, Temp, Pulse, BP) values (224, 'Other specified disorders of male genital organs', 224, 113, 102.9, 147, 114);
insert into Visits (id, Notes, AppointmentId, RoomNum, Temp, Pulse, BP) values (225, 'Nondisp commnt fx shaft of ulna, l arm, 7thE', 225, 23, 98.6, 140, 66);
insert into Visits (id, Notes, AppointmentId, RoomNum, Temp, Pulse, BP) values (226, 'Unsp mtrcy rider injured in collision w rail trn/veh nontraf', 226, 159, 97.2, 90, 100);
insert into Visits (id, Notes, AppointmentId, RoomNum, Temp, Pulse, BP) values (227, 'Unsp war operations occurring after, milt, init', 227, 133, 104.9, 119, 162);
insert into Visits (id, Notes, AppointmentId, RoomNum, Temp, Pulse, BP) values (228, 'Crepitant synovitis (acute) (chronic), left wrist', 228, 62, 104.8, 60, 119);
insert into Visits (id, Notes, AppointmentId, RoomNum, Temp, Pulse, BP) values (229, 'Displ commnt fx shaft of rad, r arm, 7thN', 229, 116, 99.7, 86, 92);
insert into Visits (id, Notes, AppointmentId, RoomNum, Temp, Pulse, BP) values (230, 'Matern care for viable fetus in abd preg, third tri, fetus 2', 230, 176, 101.4, 96, 118);
insert into Visits (id, Notes, AppointmentId, RoomNum, Temp, Pulse, BP) values (231, 'Other superficial bite of ankle, right ankle', 231, 66, 98.8, 97, 69);
insert into Visits (id, Notes, AppointmentId, RoomNum, Temp, Pulse, BP) values (232, 'Displ transverse fx l patella, 7thH', 232, 91, 98.8, 129, 170);
insert into Visits (id, Notes, AppointmentId, RoomNum, Temp, Pulse, BP) values (233, 'Orthopedic aftercare', 233, 28, 103.1, 96, 70);
insert into Visits (id, Notes, AppointmentId, RoomNum, Temp, Pulse, BP) values (234, 'Subluxation of carpometacarpal joint of unsp thumb, sequela', 234, 149, 99.3, 62, 175);
insert into Visits (id, Notes, AppointmentId, RoomNum, Temp, Pulse, BP) values (235, 'Unsp inj blood vessels at ank/ft level, left leg, sequela', 235, 142, 99.3, 159, 156);
insert into Visits (id, Notes, AppointmentId, RoomNum, Temp, Pulse, BP) values (236, 'Disp fx of lateral condyle of right femur, sequela', 236, 188, 102.6, 78, 93);
insert into Visits (id, Notes, AppointmentId, RoomNum, Temp, Pulse, BP) values (237, 'Fracture of alveolus of mandible', 237, 96, 103.9, 148, 134);
insert into Visits (id, Notes, AppointmentId, RoomNum, Temp, Pulse, BP) values (238, 'Displaced unsp fracture of left great toe, init for clos fx', 238, 23, 104.7, 77, 145);
insert into Visits (id, Notes, AppointmentId, RoomNum, Temp, Pulse, BP) values (239, 'Nondisp fx of base of 3rd MC bone, r hand, 7thP', 239, 44, 104.7, 66, 88);
insert into Visits (id, Notes, AppointmentId, RoomNum, Temp, Pulse, BP) values (240, 'Unsp traum displ spondylolysis of fourth cervcal vertebra', 240, 60, 99.5, 89, 142);
insert into Visits (id, Notes, AppointmentId, RoomNum, Temp, Pulse, BP) values (241, 'Other otitis externa', 241, 59, 103.3, 67, 162);
insert into Visits (id, Notes, AppointmentId, RoomNum, Temp, Pulse, BP) values (242, 'Toxic effect of ethanol, accidental (unintentional), init', 242, 176, 101.6, 131, 124);
insert into Visits (id, Notes, AppointmentId, RoomNum, Temp, Pulse, BP) values (243, 'Hyperchylomicronemia', 243, 195, 102.4, 80, 144);
insert into Visits (id, Notes, AppointmentId, RoomNum, Temp, Pulse, BP) values (244, 'Spontaneous ecchymoses', 244, 192, 101.4, 125, 142);
insert into Visits (id, Notes, AppointmentId, RoomNum, Temp, Pulse, BP) values (245, 'Disp fx of less trochanter of unsp femr, 7thR', 245, 190, 96.4, 100, 88);
insert into Visits (id, Notes, AppointmentId, RoomNum, Temp, Pulse, BP) values (246, 'Epidural hemorrhage w LOC of unsp duration, sequela', 246, 93, 101.3, 111, 145);
insert into Visits (id, Notes, AppointmentId, RoomNum, Temp, Pulse, BP) values (247, 'Contusion of unspecified shoulder, subsequent encounter', 247, 94, 101.5, 65, 125);
insert into Visits (id, Notes, AppointmentId, RoomNum, Temp, Pulse, BP) values (248, 'Macrogenia', 248, 137, 104.2, 151, 170);
insert into Visits (id, Notes, AppointmentId, RoomNum, Temp, Pulse, BP) values (249, 'Adverse effect of unsp antiepileptic and sed-hypntc drugs', 249, 46, 98.9, 91, 74);
insert into Visits (id, Notes, AppointmentId, RoomNum, Temp, Pulse, BP) values (250, 'Unspecified sprain of right lesser toe(s), subs encntr', 250, 7, 100.3, 69, 65);


